,date,title,source,contents,link
0,2005.06.21.,2005과학축전 대전서 열린다,대전일보,특히 올해는 한국과학문화재단이 주최해온 ‘대한민국 과학축전’과 대전시의 ‘사이언스 페스티벌’을 통합 개최해 명실상부한 국내 최대의 과학행사로 꾸며질 계획이다. 시는 이번 행사를 통해...,https://news.naver.com/main/read.nhn?mode=LSD&mid=sec&sid1=102&oid=089&aid=0000034901
1,2005.08.05.,`대한민국 과학축전` 12일 대전 엑스포서 개막,디지털타임스,과학기술부와 한국과학문화재단ㆍ대전광역시 등이 공동 주최하는 이번 행사는 전시ㆍ체험 중심의 대한민국과학축전과 실외 행사 위주의 사이언스페스티벌 등 국내 양대 과학축제를 처음으로 통합 개최하는 것이다....,https://news.naver.com/main/read.nhn?mode=LSD&mid=sec&sid1=105&oid=029&aid=0000111301
2,2005.06.22.,"2005 과학축전, '대전' 보여줄 호기다.",대전일보,더구나 이 기간에 대전 사이언스 페스티벌까지 함께 치르기로 해 과학도시 대전을 보여줄 수 있는 더없는 기회다. 도시 브랜드가치를 한단계 업그레이드하는 계기로 삼아야 할 것이다. 과학축전은 매년...,https://news.naver.com/main/read.nhn?mode=LSD&mid=sec&sid1=102&oid=089&aid=0000035054
3,2005.08.02.,[엑스포공원 변해야 산다]<2>대전시의 활성화대책…대형과학축제 ‘활로’,파이낸셜뉴스,대전시는 만성적자와 관람객 감소에 시달리는 엑스포과학공원 을 활성화하기 위해 대형국책사업을... 우선 국내 양대 과학테마행사였던 사이언스페스티벌(과학공원 주최)과 대한민국과학축전(한국과학문화재단 주최)...,https://news.naver.com/main/read.nhn?mode=LSD&mid=sec&oid=014&aid=0000186139
4,2005.04.28.,대전지역 `청소년의 달' 행사 풍성,연합뉴스,"댄스 페스티벌', 15일 오전 9시 갑천변에서 `청소년 큰잔치', 20일 대전시립미술관에서 `청소년 선도 효 실천 웅변대회'가 개최된다. 과학 체험활동으로는 14-15일 엑스포과학공원에서 `봄 엑스포 사이언스 캠프', 21일...",https://news.naver.com/main/read.nhn?mode=LSD&mid=sec&sid1=103&oid=001&aid=0000989004
5,2005.02.01.,[지자체장의 IT구상](1)염홍철 대전시장,전자신문,"(2억5000만원) △대전사이언스페스티벌(1억원)등의 사업을 추진키로 했다. 대전=신선미기자@전자신문, smshin@ ◆프로필-염홍철 대전시장 지난 88년 대통령 비서실 정무 비서관으로 관계에 입문한 염홍철 대전시장은 이론과...",https://news.naver.com/main/read.nhn?mode=LSD&mid=sec&oid=030&aid=0000095908
6,2005.12.15.,<2005 화제의 인물> 국내편,연합뉴스,논문을 사이언스에 게재하면서 일약 세계의 주목을 받은 인물이 됐다. 또 8월에는 세계 최초의 복제 개... 그 결과 '2005 Mnet KM 뮤직비디오 페스티벌'에서 남자그룹상을 탄데 이어 '20회 골든디스크상 시상식'에서 대상의...,https://news.naver.com/main/read.nhn?mode=LSD&mid=sec&sid1=104&oid=001&aid=0001174318
7,2005.03.02.,대전 대형이벤트 유치 올인,경향신문,8월 엑스포과학공원과 대덕연구단지 일원에서 펼쳐지는 사이언스페스티벌에는 세계과학기술도시연합(WTA) 회원국 등 10개 나라 사람들이 참여하게 된다. 대전시 관계자는 “대규모 행사가 개최되는 시기에는...,http://www.khan.co.kr/kh_news/art_view.html?artid=200503021718321&code=950301
8,2005.08.13.,과학축제! 과학으로 떠나는 여름!,YTN,그동안 따로따로 열리던 대한민국과학축전과 대전 사이언스페스티벌을 하나로 통합해 이공계 기피현상으로 어려움을 겪고 있는 과학의 대중화와 저변확대에 도움을 주는 축제로 거듭나고 있습니다. 대전에서 이정우...,https://news.naver.com/main/read.nhn?mode=LSD&mid=sec&sid1=115&oid=052&aid=0000088038
9,2005.08.22.,`대한민국 과학축전` 어제 폐막,디지털타임스,◇국내 최대 과학 축제=이번 과학축전의 가장 큰 특징은 매년 과학기술부가 주관하는 대한민국 과학축전과 대전시가 주관하는 사이언스 페스티벌이 합쳐서 진행했다는 점이다. 국내에서 열리는 대표적인 두 개의...,https://news.naver.com/main/read.nhn?mode=LSD&mid=sec&sid1=105&oid=029&aid=0000112565
10,2005.03.02.,대전시 올해 14개 대형 행사 유치,연합뉴스,대전시는 올해 14개의 국제 및 전국규모 행사를 유치해 열 계획이라고 2일 밝혔다. 시는 국제행사로... 8월 사이언스페스티벌(WTA 회원국 등 10여개국 참여) 등을 각각 연다. 또 전국 규모 행사로 9월에 제40회...,https://news.naver.com/main/read.nhn?mode=LSD&mid=sec&sid1=100&oid=001&aid=0000928464
11,2005.09.29.,[이사람]조청원 신임 중앙과학관장,전자신문,"한편 사이언스 페스티벌의 경우는 이르면 올해 말부터 국내용이 아닌, 국제용으로 발전시키는 방안을... 2%내에서 문화비로 사용하도록 하는 규정을 최대한 이용할 것”이라고 덧붙였다. 대전=박희범기자@전자신문, hbpark@",https://news.naver.com/main/read.nhn?mode=LSD&mid=sec&sid1=102&oid=030&aid=0000118720
12,2005.09.23.,[이사람] 지방축제 컨설팅 전문가 정강환 교수,서울신문,"이밖에 무주 반딧불 축제, 대전 사이언스 페스티벌, 안산 김홍도축제, 강릉단오제, 강진 청자축제, 아산 이순신장군축제, 추억의 70·80충장로축제 등 20여건의 지역 축제를 컨설팅했다. 지금은 부산 동래읍성역사축제...",https://news.naver.com/main/read.nhn?mode=LSD&mid=sec&sid1=102&oid=081&aid=0000058948
13,2005.09.24.,“수학여행은 대전 EXPO로”,대전일보,과학공원은 KTX와 연계한 단체관람객에게 공원뿐만 아니라 사이언스 매직쇼 등 다양한 볼거리를 개방할 계획이다. KTX도 과학공원발 열차안에서 그림그리기 등 다양한 이벤트와 대전역-과학공원간 버스를 준비하는 등...,https://news.naver.com/main/read.nhn?mode=LSD&mid=sec&sid1=102&oid=089&aid=0000045283
14,2005.08.20.,대한민국 과학축전 졸속 행사!,YTN,[리포트] 대한민국 과학축전과 대전 사이언스페스티벌을 하나로 통합해 전국 최대 규모로 치러진 2005 대한민국 과학축전. 온 가족이 함께 즐기며 체험할 수 있는 과학축제를 내세웠던 대한민국 과학축전이 관람객들로부터...,https://news.naver.com/main/read.nhn?mode=LSD&mid=sec&sid1=115&oid=052&aid=0000088836
15,2005.07.18.,대한민국 과학축전 8월12일 개막,경향신문,한국과학문화재단은 “올해 과학축전은 기존의 대전사이언스페스티벌과 대한민국과학축전의 장점만을 살려 국가와 지방자치단체가 협력하는 축제행사로 열 계획”이라고 18일 밝혔다. 이번 축제는 ‘사이언스 180...,http://www.khan.co.kr/kh_news/art_view.html?artid=200507181744001&code=930401
16,2005.08.02.,휴가철 대덕연구단지 곳곳서 체험행사,대전일보,"오는 12일부터 21일까지 열리는 이번 행사는 대전엑스포과학공원이 매년 개최해 오고 있는 사이언스 페스티벌과 통합, 개최되는 것으로 규모면에서 최고를 자랑한다. 국내 최대 과학행사인 대한민국 과학축전이 '과학의...",https://news.naver.com/main/read.nhn?mode=LSD&mid=sec&sid1=102&oid=089&aid=0000039633
17,2005.07.03.,[위클리스케줄]7월4일∼7월8일(월∼금),파이낸셜뉴스,"코엑스) ■IT ▲과학기술부, 사이언스 포리더스 프로그램 강좌(오후 4시30분-^인천시 북성동 해양경찰청)... 초대전(5∼7일, 현대백화점 서울 미아점) ▲수영복 페스티벌(신세계백화점 서울 반포동 강남점) 6일(수) ■정책...",https://news.naver.com/main/read.nhn?mode=LSD&mid=sec&sid1=101&oid=014&aid=0000181875
18,2005.07.11.,<기획특집>엑스포공원 재도약 가능한가?(상),연합뉴스,대전시와 엑스포과학공원에 따르면 국내 양대 과학테마행사였던 사이언스페스티벌(과학공원 주최)과 대한민국과학축전(한국과학문화재단 주최)이 통합돼 다음달 과학공원에서 '2005 대한민국과학축전(Science Festival 2005)...,https://news.naver.com/main/read.nhn?mode=LSD&mid=sec&sid1=101&oid=001&aid=0001046835
19,2005.07.19.,[인터뷰]박석재 천문연구원장,전자신문,"93년 ‘대전엑스포’ 개최 당시 국민들에게 과학적 상상력을 자극하고, 세계에 한국의 과학기술 수준을 알리는 엑스포과학공원의 상징이었다”며 “올 여름 엑스포과학공원에서 열리는 ‘사이언스 페스티벌’이 광주의...",https://news.naver.com/main/read.nhn?mode=LSD&mid=sec&sid1=105&oid=030&aid=0000111750
20,2005.07.13.,포럼신사고 참가 정강환 교수 인터뷰,부산일보,"초창기 소재를 IT로 잡았다 가 로봇으로,그리고 최근엔 바이오 쪽으로 옮겨간 대전 사이언스 페스티벌처럼 잠재고객의 트렌드를 따라잡는 기획이 요청된다. 마 늘 하나로 미국 베스트 10 축제에 든 캘리포니아 '길로이 갈릭...",https://news.naver.com/main/read.nhn?mode=LSD&mid=sec&sid1=102&oid=082&aid=0000054482
21,2005.04.08.,관광이벤트와 지역마케팅,대전일보,"1단계적인 과학도시이미지가 대전엑스포, 대전사이언스페스티벌, 국방마트, 각종 국제과학컨벤션 등의 관광이벤트로 표현되었다면 이제 대덕 R&amp;D 특구지정은 대전이 과학을 재조명해보고 거듭날 수 있는 또 하나의...",https://news.naver.com/main/read.nhn?mode=LSD&mid=sec&sid1=102&oid=089&aid=0000026725
22,2005.02.21.,지식창조시대 이끌 인재 ‘인큐베이터’,대전일보,"대전시의 ‘대전사이언스 페스티벌’을 비롯 ‘과학동호회’ 모임활동, 국립중앙과학관의 ‘봄·가을사이언스 데이’· ‘인류 기원전’, 대전시민천문대의 ‘별의 축제’와 엑스포과학공원의 ‘2004 과학체험마당’...",https://news.naver.com/main/read.nhn?mode=LSD&mid=sec&sid1=102&oid=089&aid=0000020536
23,2005.01.26.,대한민국 과학축전,대전일보,"우리나라 과학축제를 대표하는 대한민국 과학축전과 대전 사이언스 페스티벌이 오는 8월 과학공원에서 통합 개최되어 앞으로 과학공원 활성화는 물론, 과학도시로서 대전의 위상을 널리 알리는 계기가 될 전망이다. 이번...",https://news.naver.com/main/read.nhn?mode=LSD&mid=sec&sid1=102&oid=089&aid=0000019013
24,2005.04.19.,"<`아인슈타인의 빛' 한반도 방문, 전국이 축제물결>",연합뉴스,"물리 페스티벌 등 물리와 관련한 다채로운 행사를 벌인다. 영.호남을 거친 아인슈타인의 빛이 오후 8시 20분께 하나로 합쳐지는 대전에서는 엑스코 과학공원 근처에서 로켓축제와 레이저 쇼, 한빛탑 점등 행사 등...",https://news.naver.com/main/read.nhn?mode=LSD&mid=sec&sid1=105&oid=001&aid=0000979847
25,2005.01.08.,국내 최대 과학행사 통합 개최,대전일보,국내 최대의 과학대중화 행사인 ‘대한민국 과학축전’이 올해에는 대전 사이언스페스티벌과 함께 치러져 명실상부한 과학행사로 거듭날 전망이다. 대전엑스포과학공원은 7일 오후 한국과학문화재단 회의실에서 매년...,https://news.naver.com/main/read.nhn?mode=LSD&mid=sec&sid1=102&oid=089&aid=0000017067
26,2005.04.07.,"""유성온천의 명성, 과학관광으로 되살린다""",연합뉴스,"대전시는 과학관광상품 개발을 위해 항공우주연구원과 전자통신연구원 등 대덕연구단지내 각 연구소들의 기존 전시장을 정비하고, `대전세계로봇 EXPO', `지능로봇 전시회', `사이언스 페스티벌', `세계창의력 경연대회...",https://news.naver.com/main/read.nhn?mode=LSD&mid=sec&sid1=100&oid=001&aid=0000967680
27,2005.01.09.,과학도시 명성 드높이는 계기삼자,대전일보,과학대중화를 위한 대한민국 과학축전과 대전 사이언스 페스티벌이 대전에서 통합 개최된다. 한국 과학행사의 양축으로 자리 잡은 두개의 과학행사가 동시에 열릴 예정이어서 국민들의 과학마인드 확산에 크게 기여할...,https://news.naver.com/main/read.nhn?mode=LSD&mid=sec&sid1=102&oid=089&aid=0000017216
28,2005.04.24.,전국 축제장 상춘 인파 `북적'(전국종합),연합뉴스,"유로페스티벌이 한창인 용인 에버랜드와 허브축제 및 재활용품 이용 동물특별전이 열린 과천 서울대 공원... 또 `2005 봄 사이언스' 행사가 열린 대전 국립중앙과학관과 `남해 창선 단항 바지락 축제'가 열린 남해, 유채꽃...",https://news.naver.com/main/read.nhn?mode=LSD&mid=sec&sid1=103&oid=001&aid=0000984842
29,2005.01.10.,매머드급 과학축제 열린다,디지털타임스,과학축전'과 `사이언스 페스티벌'을 통합한 `2005 대한민국 과학축전(Korea Science Festival 2005)'을 오는 8월... 등이 조화를 이루는 국내 최대ㆍ최고의 과학축제로 발돋움할 것으로 기대된다. 대전〓조규환기자@디지털타임스,https://news.naver.com/main/read.nhn?mode=LSD&mid=sec&sid1=105&oid=029&aid=0000092273
30,2005.04.22.,[과학세상/박석재]‘엑스포 꿈돌이’의 부활을 기대하며,동아일보,[동아일보] 1993년 개최된 대전 엑스포는 우리에게 국가에 대한 자긍심과 미래에 대한 자신감을 심어준 뜻... 그리고 여세를 몰아 올여름 엑스포 과학공원에서 열리는 ‘사이언스 페스티벌’이 예컨대 광주의 비엔날레처럼...,https://news.naver.com/main/read.nhn?mode=LSD&mid=sec&sid1=110&oid=020&aid=0000295571
31,2005.01.08.,우리단체 이런행사,대전일보,"20명, 대전여민회 ☎(252)9790 ▲2005 겨울과학캠프=1월 3-28일 2박3일 또는 1박2일, 기당 40명씩 8기 운영, 발명교실·생명과학교실·수학교실·사이언스페스티벌 등으로 진행, 국립중앙과학관 ☎(601)7937, www.science.go....",https://news.naver.com/main/read.nhn?mode=LSD&mid=sec&sid1=102&oid=089&aid=0000017024
32,2006.12.29.,"대전, 문화관광축제 개발 시급",대전일보,대전시 관계자는 “사이언스 페스티벌은 대전의 첨단 과학도시 이미지와 부합된는 축제로 정부에서도 지난 2000년부터 2003년가지 4년간 꾸준히 지원했다”며 “전국 수천개의 축제들 중에서 정부지원 축제로 이름을 올린...,https://news.naver.com/main/read.nhn?mode=LSD&mid=sec&sid1=102&oid=089&aid=0000091351
33,2006.08.11.,'대전 사이언스페스티벌 2006' 개막,뉴시스,【대전=뉴시스】 과학축제인 '대전 사이언스페스티벌 2006'이 11일 엑스포과학공원에서 막이 올랐다. '과학하기 7가지 시원한 여름과학 세상'을 주제로 오는 20일까지 10일간 열리는 이번 축제에는 국내외 40여개...,https://news.naver.com/main/read.nhn?mode=LSD&mid=sec&sid1=102&oid=003&aid=0000152291
34,2006.08.20.,'대전사이언스페스티벌 2006' 성료..24만명 관람,뉴시스,【대전=뉴시스】 대전 엑스포과학공원 일원에서 10일간의 일정으로 열린 '대전사이언스페스티벌 2006'이 성황리에 막을 내렸다. 엑스포과학공원(사장 조명식)은 '대전사이언스페스티벌2006'이 당초 관람객 예상치를 10...,https://news.naver.com/main/read.nhn?mode=LSD&mid=sec&sid1=102&oid=003&aid=0000158834
35,2006.08.10.,"충청체신청, 대전사이언스페스티벌’ 행사장에 인터넷중독 무료상담 개설",뉴시스,"【대전=뉴시스】 충청체신청(청장 최재유)은 대전엑스포과학공원에서 열리는 '대전사이언스페스티벌 2006' 행사장에서 11일부터 14일까지 '인터넷중독 무료상담 코너'를 개설, 인터넷 중독.예방과 관련한 상담과 정품...",https://news.naver.com/main/read.nhn?mode=LSD&mid=sec&sid1=105&oid=003&aid=0000151791
36,2006.08.02.,"사이언스페스티벌 홍보대사, 의친왕 아들 가수 이석씨 위촉",뉴시스,【대전=뉴시스】 과학축제인 '대전사이언스페스티벌 2006' 홍보대사에 고종 황제의 차남 의친왕의 열한 번째 아들이자 '비둘기집'의 가수 이석씨(65)가 위촉됐다. 대전엑스포과학공원(사장 조명식)은 가수 이석씨를...,https://news.naver.com/main/read.nhn?mode=LSD&mid=sec&sid1=106&oid=003&aid=0000144812
37,2006.08.11.,대전사이언스페스티벌 '가족 체험 축제로',YTN,올 해로 7번째 맞는 대전사이언스페스티벌은 과학의 대중화와 저변 확대를 위한 전국 최고의 과학축제로 자리잡아 가고 있습니다. 대전에서 이정우 기자가 보도합니다. [리포트] 대전사이언스페스티벌이 막을 올렸습니다....,https://news.naver.com/main/read.nhn?mode=LSD&mid=sec&sid1=115&oid=052&aid=0000125164
38,2006.08.17.,과학축전·사이언스페스티벌 '통합해야',YTN,[앵커멘트] 전국 최고의 과학축제를 내세우고 있는 '대한민국 과학축전'과 '대전사이언스페스티벌'. 여름철 최대 과학축제가 따로따로 개최되면서 효율성과 관람객이 줄어 양대 축제를 통합해야 한다는 지적이 일고...,http://www.ytn.co.kr/_ln/0103_200608170401526891
39,2006.08.25.,사이언스페스티벌 더 큰 그림을…,대전일보,행사 기획 전문가는 아니지만 다양한 축제 참여를 통해 얻어진 경험을 기반으로 최근 엑스포과학공원에서 개최된 제7회 대전사이언스페스티벌에 대한 참여 소감을 적어본다. 2006 대전사이언스페스티벌은 겉에서보다...,https://news.naver.com/main/read.nhn?mode=LSD&mid=sec&sid1=102&oid=089&aid=0000080710
40,2006.08.21.,사이언스 페스티벌 성황리에 폐막,대전일보,대전 사이언스 페스티벌 2006이 성황리에 폐막됐다. 21일 대전시와 엑스포과학공원에 따르면 올 사이언스페스티벌에는 총 25만 3000여명의 관람객이 찾아 당초 예상의 15%를 초과했다. 꿈돌이동산과 연계행사...,https://news.naver.com/main/read.nhn?mode=LSD&mid=sec&sid1=102&oid=089&aid=0000080134
41,2006.08.13.,<대전시내 광복절 경축.문화행사 풍성>,연합뉴스,"광복절을 즈음한 문화행사로 시립미술관에서는 오는 21일까지 '한여름밤의 댄스페스티벌'이, 엑스포과학공원에서는 20일까지 '대전사이언스페스티벌 2006'이 화려하게 펼쳐진다. 한밭수목원에서는 8월 한 달간 무궁화...",https://news.naver.com/main/read.nhn?mode=LSD&mid=sec&sid1=102&oid=001&aid=0001382443
42,2006.08.14.,대전사이언스축제-유럽과학축제연맹 자매결연 5주년 기념,뉴시스,【대전=뉴시스】 대전 엑스포과학공원은 14일 오전 회의실에서 대전사이언스페스티벌과 유럽과학축제연맹간 자매결연 체결 5주년 기념식을 가졌다고 밝혔다. '대전 사이언스페스티벌 2006'에는 국제과학교류전의...,https://news.naver.com/main/read.nhn?mode=LSD&mid=sec&sid1=105&oid=003&aid=0000154520
43,2006.08.10.,"대전시, 사이언스 페스티벌 개최",전자신문,올해로 7회째를 맞이 하는 대전사이언스페스티벌은 △오대호 정크아트 초청전 △상설 극지체험관 △과학자 거리 △국제과학교류전 △테마과학체험 등 예년에 비해 쉽고 친근한 과학프로그램들로 꾸며졌다. 또 한여름...,http://www.etnews.co.kr/news/detail.html?id=200608100060
44,2006.08.12.,과학의 신비/대전,MBC,"과학체험 위주로 짜여진 대전 사이언스 페스티벌에 개막부터 많은 관람객들이 몰리고 있습니다. 조형찬 기자가 소개합니다. ● 기자 : 자동차 휠과 세숫대야, 주전자로 만든 고철 허수아비. 공기압과 모터를 사용해...",https://news.naver.com/main/read.nhn?mode=LSD&mid=sec&sid1=115&oid=214&aid=0000014154
45,2006.08.09.,'대전사이언스페스티벌' 개막 앞둔 엑스포과학공원,뉴시스,【대전=뉴시스】 2006 대전 사이언스 페스티벌을 이틀 앞둔 9일 대전엑스포 과학공원을 찾은 어린이들이 정크아트 조형물을 관람하고 있다. /정재훈기자 jhjeong@newsis.com 【대전=뉴시스】 2006 대전 사이언스...,https://news.naver.com/main/read.nhn?mode=LSD&mid=sec&oid=003&aid=0000150729
46,2006.08.10.,"[대전] ""과학 축전서 다양한 체험을""",SBS(text),대전 사이언스 페스티벌 2006 행사가 오는 20일까지 열흘 간의 일정으로 11일 엑스포 과학공원에서 개막됩니다. 이번 사이언스 페스티벌에는 재활용품을 활용한 정크 아트와 건강 관련 과학을 체험하는 웰빙과학...,http://news.sbs.co.kr/section_news/news_read.jsp?news_id=N1000152886
47,2006.08.13.,사이언스페스티벌에서 아이스난타 즐겨요,뉴시스,【대전=뉴시스】 휴일인 13일 대전사이언스페스티벌이 열리고 있는 대전엑스포 과학공원 서문광장에서 공연단들이 아이스난타를 선보이고 있다. /정재훈기자 jhjeong@newsis.com 【대전=뉴시스】 휴일인 13일...,https://news.naver.com/main/read.nhn?mode=LSD&mid=sec&oid=003&aid=0000153574
48,2006.08.14.,2006 대전 사이언스 페스티벌 개막,연합뉴스,"고철과 고물을 예술작품으로 승화시킨 '오대호 정크트트', 외부와 50도 이상의 온도 차이를 느낄 수 있는 '극지체험관-영하20도의 극지세상', '7가지 시원한 여름 과학세상'을 슬로건으로 한 2006 대전 사이언스 페스티벌이...",https://news.naver.com/main/read.nhn?mode=LSD&mid=sec&sid1=115&oid=001&aid=0001906389
49,2006.08.11.,사이언스페스티벌 인파 '북적',연합뉴스,2006 대전사이언스페스티벌이 11일 대전 엑스포과학공원에서 개막된 가운데 많은 관람인파들이 폐기계로 제작된 정크아트 조형물을 관람하며 축제를 즐기고 있다. /조용학/사회/과학/ 2006.8.11 (대전...,https://news.naver.com/main/read.nhn?mode=LSD&mid=sec&sid1=105&oid=001&aid=0001381601
50,2006.08.11.,대전사이언스페스티벌 2006 개막,연합뉴스,"고철과 고물을 예술작품으로 승화시킨 '오대호 정크아트', 외부와 50도 이상의 온도차이를 느낄 수 있는 '극지체험관-영하20도의 극지세상' '7가지 시원한 여름 과학세상'을 슬로건으로 한 2006 대전사이언스페스티벌이...",https://news.naver.com/main/read.nhn?mode=LSD&mid=sec&sid1=101&oid=001&aid=0001381319
51,2006.07.26.,대전사이언스페스티벌 8월 11일 개막,연합뉴스,`7가지 시원한 여름 과학세상'을 슬로건으로 한 2006 대전사이언스페스티벌이 오는 8월 11일 개막식을 시작으로 20일까지 대전엑스포과학공원에서 펼쳐진다. 이번 행사에서는 극지체험 외에도 과학교육 선진국인 유럽...,https://news.naver.com/main/read.nhn?mode=LSD&mid=sec&oid=001&aid=0001367578
52,2006.07.26.,‘사이언스 페스티벌’ 내달 대전서,경향신문,"국내 최대의 과학축전인 ‘사이언스 페스티벌’이 8월 11일부터 20일까지 대전엑스포과학공원 일원에서 열린다. 이번 페스티벌에서는 고철·고물 등 재활용품을 활용한 예술작품을 선보이는 ‘정크 아트’, 건강 관련...",http://www.khan.co.kr/kh_news/art_view.html?artid=200607261809371&code=950301
53,2006.08.01.,"세스넷, 사이언스 페스티벌 참가",머니투데이,"창의력 전문 교육 업체 세스넷(대표 황규동, www.ces.co.kr)은 오는 11일~20일 대전 엑스포 과학공원에서 열리는 ‘대전 사이언스 페스티벌2006’ 에 참가해 ‘로봇과학체험관’을 운영한다고 1일 밝혔다. 이번 행사는...",http://www.moneytoday.co.kr/view/mtview.php?type=1&no=2006080114321788704&outlink=1
54,2006.08.04.,[대전/충남]대전 사이언스 페스티벌… 황손 이석씨 홍보대사에,동아일보,[동아일보] 국내 최대 과학 테마축제인 ‘대전 사이언스 페스티벌 2006’ 홍보대사에 조선의 마지막 황손 의친왕(고종황제의 차남)의 열한 번째 아들이자 가수였던 이석(65) 씨가 위촉됐다. 3일 지방공사...,http://www.donga.com/fbin/output?n=200608040139
55,2006.08.09.,<대전.충남서 축제 '풍성'>,연합뉴스,◆2006 대전사이언스페스티벌 = 11일부터 20일까지 대전시 유성구 도룡동 엑스포과학공원에서 열린다. '7가지 시원한 여름 과학세상'이란 주제로 열리는 이 페스티벌에는 외기온도와 50도 이상의 차이를 느낄 수 있는...,https://news.naver.com/main/read.nhn?mode=LSD&mid=sec&sid1=101&oid=001&aid=0001379298
56,2006.04.20.,대전사이언스페스티벌 8월11일 개최,대전일보,엑스포과학공원은 ‘대전사이언스페스티발 2006’을 오는 8월11일~ 20일까지 10일간 과학공원 및 주변일원에서 개최하기로 확정했다. ‘과학공원은 복합적인 과학활동의 장’이라는 주제로 펼쳐지는 이번 행사는 전야제...,https://news.naver.com/main/read.nhn?mode=LSD&mid=sec&sid1=102&oid=089&aid=0000067962
57,2006.08.04.,대전시 재래시장활성화 정부지원 사업 '뒷전',뉴시스,여기에 과학축제인 '사이언스페스티벌'이 해마다 엑스포과학공원에서 열려 과학축제와 재래시장을 연계한 관광상품을 개발할 수 있음에도 대전시가 이를 제대로 활용하지 못했다는 지적이다. 이에 대해 시 관계자는...,https://news.naver.com/main/read.nhn?mode=LSD&mid=sec&sid1=102&oid=003&aid=0000147177
58,2006.08.18.,<대전엑스포 도우미 다시 뭉쳤다>,연합뉴스,18일 대전 엑스포과학공원에 따르면 사이언스페스티벌 2006 행사의 일환으로 한빛탑 전망대에서 열리고 있는 93 엑스포 사진전에 당시 엑스포도우미로 활동했던 이들이 자원봉사자로 나서 진행을 돕고 있다. 김은희(37)...,https://news.naver.com/main/read.nhn?mode=LSD&mid=sec&sid1=101&oid=001&aid=0001386910
59,2006.07.24.,"박성효 대전시장, 공무원 변화 발전 주문",뉴시스,"중요성, 사이언스 페스티벌 성공개최, 업무보고 방식의 개선, 유성 리베라호텔 정상화 지원방안 검토 등을 지시했다. 또 각종 위원회의 위원 선정방법에 대해 대전은 연구단지, 대학교, 연구소 등의 풍부한 인력자원을...",https://news.naver.com/main/read.nhn?mode=LSD&mid=sec&sid1=102&oid=003&aid=0000138020
60,2006.09.08.,[사이언스 브리힝]‘제2회 과학기술사진 공모전’ 外,동아일보,참가자는 미발표작 1편을 11×14인치(27.94cm×35.56cm) 크기로 인화해 29일까지 국립중앙과학관(대전광역시... 042-601-7907 ◆ KAIST 문화페스티벌 록과 클래식이 조화를 이루는 크로스오버 음악 축제인 ‘KAIST...,http://www.donga.com/fbin/output?n=200609080043
61,2006.08.09.,"""과학축전 보러 대전으로 오세요""",서울경제,대전시와 지방공사 대전엑스포과학공원(사장 조명식)은 ‘대전사이언스페스티벌 2006’을 ‘7가지 시원한 여름과학세상’이란 슬로건아래 개최한다. 어린이성장발달센터가 운영되고 스포츠과학놀이가...,https://news.naver.com/main/read.nhn?mode=LSD&mid=sec&sid1=100&oid=011&aid=0000144297
62,2006.04.20.,`대전 사이언스 페스티벌 2006' 8월11일 개막,연합뉴스,"대전 엑스포과학공원은 20일 `사이언스 페스티벌 2006'을 오는 8월11일부터 20일까지 열기로 하는 행사 기본계획을 확정, 발표했다. 이번 축제는 10일 전야제와 과학행사, 문화행사, 부대행사로 구성되며...",https://news.naver.com/main/read.nhn?mode=LSD&mid=sec&sid1=101&oid=001&aid=0001276854
63,2006.12.12.,"교육네트워크로 꿈, 보람, 만족 키워하는 인천 방과후학교",뉴시스,"17일까지 대전무역전시관(KOTREX)에서 개최되는‘2006 방과후 학교 페스티벌’에 참가한다고 12일 밝혔다. ‘2006... 또 사이언스 매직 쇼, 잉글리쉬 매직 쇼, 인천 방과후학교 스펀지와 같은 이벤트 프로그램과 원어민 화상...",https://news.naver.com/main/read.nhn?mode=LSD&mid=sec&sid1=102&oid=003&aid=0000259136
64,2006.04.02.,"대전시, 축제박람회장에 홍보관 운영",연합뉴스,"대전시는 오는 9일까지 부산 벡스코에서 열리는 `2006 대한민국축제박람회'에 `대전축제관광홍보관'을 설치, 운영하고 있다고 2일 밝혔다. 시는 이번 축제박람회에 한밭선비축제와 사이언스페스티벌, 국제열기구축제...",https://news.naver.com/main/read.nhn?mode=LSD&mid=sec&oid=001&aid=0001260929
65,2006.09.18.,축제의 마법,대전일보,대전의 사이언스페스티벌은 대전의 대표축제로 거듭나야 하는데 이를 위해서는 대전이 첨단과학의 도시라고 내세울 수 있는 상징시설과 인프라가 먼저 연출되어야 한다. 개최 한 달을 앞두고 취소된 유성건강페스티벌은...,https://news.naver.com/main/read.nhn?mode=LSD&mid=sec&sid1=102&oid=089&aid=0000082457
66,2006.08.11.,담배연기가 아닙니다!,뉴시스,【대전=뉴시스】 2006 대전 사이언스페스티벌이 개막된 11일 대전엑스포 과학공원을 찾은 어린이들이 영하 197도에서 만든 과자를 입에 물자 코와 입에서 질소기체를 내뿜고 있다. /정재훈기자 jhjeong@newsis.com...,https://news.naver.com/main/read.nhn?mode=LSD&mid=sec&oid=003&aid=0000152477
67,2006.08.28.,케이블 TV(8월 29일),대전일보,"유럽에서 건너온 대전 사이언스페스티벌 초청외국인 12명과 함께하는 해피쿡 맛있는 대화. 그 두번째 시간은 맛있는 뷔페의 향연, 파스티치오와 못생겨서 더 맛있는 아구조아, 한국의 맛이 더해진 스시히로바에서...",https://news.naver.com/main/read.nhn?mode=LSD&mid=sec&sid1=102&oid=089&aid=0000080943
68,2006.08.18.,"엑스포과학공원, 20일 프로게이머 초청 팬사인회",뉴시스,"【대전=뉴시스】 대전 엑스포과학공원(사장 조명식)은 '대전사이언스페스티벌2006' 축하 이벤트의 일환으로 KTF소속 프로게임단 매직앤스(Magicns) 프로게이머들을 초청, 팬사인회를 갖는다고 18일 밝혔다. 주요...",https://news.naver.com/main/read.nhn?mode=LSD&mid=sec&sid1=105&oid=003&aid=0000157430
69,2006.09.14.,[DT 광장] 한 돌 맞은 대덕특구,디지털타임스,대전에 돌아와 보니 지루한 장마와 연이은 불볕더위 속에서도 엑스포 과학공원 등지에서는 사이언스페스티벌이 열리고 대전 예술의 전당에서는 한여름 음악 축제 등이 열리고 있어 오자마자 다양한 과학 문화 행사를...,http://www.dt.co.kr/contents.html?article_no=2006091402012769683002
70,2006.08.13.,'더위 피하자' 유원지 발길 이어져,뉴시스,대전사이언스페스티벌 2006 축제가 열리는 엑스포과학공원과 물놀이시설이 갖춰진 꿈돌이랜드에는 이날 2만여명이 넘는 인파가 순식간에 몰리며 북새통을 이뤄 오후까지 분주한 모습을 보였다. 고속도로도 나들이 행렬로...,https://news.naver.com/main/read.nhn?mode=LSD&mid=sec&sid1=102&oid=003&aid=0000153635
71,2006.08.21.,케이블 TV(8월 22일),대전일보,유럽에서 건너온 대전 사이언스페스티벌 초청외국인 12명과 함께하는 해피쿡 맛있는 대화. 첫번째 시간은 사이언스페스티벌이 어떤 축제였으며 유럽인이 맛보는 대전의 맛집을 찾아 문화차이와 맛의 차이를 알아가는...,https://news.naver.com/main/read.nhn?mode=LSD&mid=sec&sid1=102&oid=089&aid=0000080197
72,2006.02.02.,‘과학도시 대전’ 시민 곁으로,경향신문,시는 이밖에 8월에 엑스포과학공원·갑천·대덕연구단지 일원에서 ‘사이언스 페스티벌 2006’을 개최한다. 지방공사 대전엑스포과학공원이 주관하는 이 행사는 첨단과학기술산업전·국제교류전 등 과학관련 각종...,http://www.khan.co.kr/kh_news/art_view.html?artid=200602021758321&code=950301
73,2006.08.09.,'재미있는 정크아트',연합뉴스,2006 대전 사이언스페스티벌 개막(11일)을 앞두고 9일 엑스포과학공원에 각종 폐기계로 만든 정크아트 작품이 전시돼 공원을 찾은 학생들이 관람을 하고 있다. /조용학/사회/과학/ 2006.8.9 (대전=연합뉴스)...,https://news.naver.com/main/read.nhn?mode=LSD&mid=sec&sid1=105&oid=001&aid=0001379749
74,2006.08.18.,<찜통 더위에도 과학 열기 가득>,연합뉴스,'재미있는 정크아트' `7가지 시원한 여름 과학세상' 최근 찜통 더위속에서도 '대전 사이언스 페스티벌'에 입장객이 몰리며 성황을 이루고 있다. 18일 대전 엑스포과학공원에 따르면 지난 11일 개막된 사이언스...,https://news.naver.com/main/read.nhn?mode=LSD&mid=sec&sid1=105&oid=001&aid=0001386989
75,2006.08.11.,폐기계로 만든 조형물,대전일보,대전 사이언스페스티벌 2006이 11일 엑스포과학공원에서 개막돼 관람객들이 폐기계로 제작된 조형물을 관람하고 있다. &lt;申昊澈 기자&gt;,https://news.naver.com/main/read.nhn?mode=LSD&mid=sec&sid1=102&oid=089&aid=0000079249
76,2006.08.07.,"과학세상속으로~ ""더위 탈출하세요""",디지털타임스,대전사이언스페스티벌 11일 개막 `7가지 시원한 여름 과학세상`을 슬로건으로 내세운 `2006 대전사이언스페스티벌'이 오는 8월 11일 개막식을 시작으로 20일까지 대전엑스포과학공원에서 펼쳐진다. 행사에서는 과학교육...,https://news.naver.com/main/read.nhn?mode=LSD&mid=sec&sid1=105&oid=029&aid=0000144551
77,2006.08.09.,'여기는 영하 20도',연합뉴스,2006 대전 사이언스페스티벌 개막(11일)을 앞두고 9일 엑스포과학공원을 찾은 관람객들이 영하 20도에서 극한을 체험하는 극지체험관을 찾아 무더위를 식히고 있다. /조용학/사회/과학/ 2006.8.9 (대전...,https://news.naver.com/main/read.nhn?mode=LSD&mid=sec&sid1=105&oid=001&aid=0001379778
78,2006.08.11.,'나는 블럭왕',연합뉴스,2006 대전사이언스페스티벌이 11일 대전 엑스포과학공원에서 개막된 가운데 스폰지 블럭쌓기 코너를 찾은 한 아이가 탑을 쌓고 있다. /조용학/사회/과학/ 2006.8.11 (대전=연합뉴스) catcho@yna.co.kr (조용학) &lt;&gt;,https://news.naver.com/main/read.nhn?mode=LSD&mid=sec&sid1=105&oid=001&aid=0001381605
79,2006.08.10.,"""물위 달리는 자전거로 무더위 싹""..충남대 인력선 축제 개최",뉴시스,"인력선 축제가 열리는 이 기간 동안엔 '2006 대전 사이언스 페스티벌'도 함께 열려 뜻깊은 과학체험 행사가 될 것으로 보인다. 충남대 관계자는 ""일본에서는 이미 10년 전부터 전국 규모의 인력선 대회가 열리고 있고...",https://news.naver.com/main/read.nhn?mode=LSD&mid=sec&sid1=103&oid=003&aid=0000151701
80,2006.08.14.,종이로 만든 사슴벌레 “진짜같죠”,대전일보,대전사이언스페스티벌이 열리고 있는 엑스포과학공원을 찾은 어린이들이 14일 사슴벌레와 프리즘 등 종이접기 체험을 하고 있다. &lt;申昊澈 기자&gt;,https://news.naver.com/main/read.nhn?mode=LSD&mid=sec&sid1=102&oid=089&aid=0000079418
81,2006.08.08.,신나고 즐거운 과학의 세계로,대전일보,"“과학, 신나고 즐겁게 즐기세요” 대전을 대표하는 과학축제인 ‘대전사이언스페스티벌2006’이 오는 11일부터 20일까지 10일간 엑스포과학공원과 대덕연구단지 일원에서 개최된다. 올해로 7회째를 맞는...",https://news.naver.com/main/read.nhn?mode=LSD&mid=sec&sid1=102&oid=089&aid=0000078931
82,2006.08.09.,극지체험관 정말 추워요!,뉴시스,【대전=뉴시스】 2006 대전 사이언스 페스티벌을 이틀 앞둔 9일 대전엑스포 과학공원 극지체험관을 방문한 가족들이 영하 20도 이하의 추위를 체험하고 있다. /정재훈기자 jhjeong@newsis.com 【대전=뉴시스】 2006...,https://news.naver.com/main/read.nhn?mode=LSD&mid=sec&oid=003&aid=0000150730
83,2006.08.11.,질소과자 먹기체험,연합뉴스,2006 대전사이언스페스티벌이 11일 대전 엑스포과학공원에서 개막된 가운데 질소과자 체험코너를 찾은 학생들이 질소로 얼린 과자를 먹고 코와 입으로 연기를 내보내고 있다. /조용학/사회/과학/ 2006.8.11...,https://news.naver.com/main/read.nhn?mode=LSD&mid=sec&sid1=105&oid=001&aid=0001381602
84,2006.08.14.,광복절 참의미 되새기고 다양한 문화체험도 하고,대전일보,"광복절을 즈음한 문화행사로 시립미술관에서는 오는 21일까지 한여름밤의 댄스페스티벌이, 엑스포과학공원에서는 20일까지 대전사이언스페스티벌 2006이 펼쳐진다. 한밭수목원에서는 8월 한 달간 무궁화 및...",https://news.naver.com/main/read.nhn?mode=LSD&mid=sec&sid1=102&oid=089&aid=0000079299
85,2006.08.15.,무더위속 서해안 110만 인파 '북적',연합뉴스,대전엑스포과학공원에서 펼쳐지고 있는 '대전 사이언스페스티벌 2006'에도 개학을 앞둔 어린이 등 3만여명의 시민이 찾아 흥미진진한 시간을 보냈다. 광복절 경축행사가 열린 천안 독립기념관에는 4만여명의 시민들이...,https://news.naver.com/main/read.nhn?mode=LSD&mid=sec&sid1=103&oid=001&aid=0001384243
86,2006.08.07.,8월 7일 교육마당,한겨레,●창의력 전문 교육업체 레고홈스쿨(thinki.co.kr)은 11~20일 대전 엑스포 과학공원 돔영상관에서 ‘대전 사이언스 페스티벌2006’ 과 연계하여 ‘로봇과학체험관’을 운영한다. 이번 행사는 레고사의 로봇 교육...,http://www.hani.co.kr/arti/society/schooling/147012.html
87,2006.08.11.,오늘의 일정(8월11일.금요일),연합뉴스,10:00 대전 사이언스 페스티벌2006 개막식(EXPO 과학공원) 경 기 지사 16:30 수도권 광역교통망 구축 토론회(상황실) 강 원 지사 13:00 조선왕족실록 환국고유제 및 기념식(오대산 월정사) 충 북 지사 14:30 관광업무...,https://news.naver.com/main/read.nhn?mode=LSD&mid=sec&sid1=102&oid=001&aid=0001381291
88,2006.08.10.,"""열대야는 무료심야영화로 날려요""",연합뉴스,대전 엑스포과학공원은 '사이언스페스티벌 2006' 기간인 오는 12-18일 과학공원 한빛광장에서 한낮의 열기에 지친 시민들을 위해 무료로 최신영화를 상영한다고 10일 밝혔다. 이번 한여름밤의 영화축제는...,https://news.naver.com/main/read.nhn?mode=LSD&mid=sec&sid1=101&oid=001&aid=0001380673
89,2006.05.06.,카드사 마케팅 ‘지역’은 없다?,쿠키뉴스,엑스포과학공원 관계자도 “카드사와의 제휴를 해야 하지만 평소에는 별로 효과가 없어 사이언스 페스티벌때만 일시적으로 하고 있다”고 밝혔다. 대전일보 殷鉉卓 기자,https://news.naver.com/main/read.nhn?mode=LSD&mid=sec&sid1=101&oid=143&aid=0000025221
90,2006.05.05.,카드사 마케팅 ‘지역’은 없다?,대전일보,"대전에서는 꿈돌이랜드가 LG, 삼성, 하나, BC카드 등과 제휴를 맺고 가장 활발하게 마케팅을 펼치고 있는데... 엑스포과학공원 관계자도 “카드사와의 제휴를 해야 하지만 평소에는 별로 효과가 없어 사이언스 페스티벌때만...",https://news.naver.com/main/read.nhn?mode=LSD&mid=sec&sid1=102&oid=089&aid=0000069428
91,2007.12.24.,<2008 대전> '대전엑스포과학공원 새해 거듭난다',연합뉴스,이에 따라 대전시와 과학공원 측은 매년 사이언스페스티벌과 루미나리에 페스티벌 등 단발성 이벤트를 개최해 오고 있지만 관람객의 발길을 되돌리기에는 한계가 있는 상황이다. 프로그램의 특색이 없기 때문이다....,https://news.naver.com/main/read.nhn?mode=LSD&mid=sec&sid1=101&oid=001&aid=0001869957
92,2007.08.10.,'대전 사이언스 페스티벌' 15일 개막,뉴시스,한편 '대전 사이언스 페스티벌'은 지난해까지 연평균 29만5000명이 관람하고 이중 타 지역 관람객이 55%인 16만5000여명인 것으로 나타나 과학 대중화와 함께 지역경제 활성화에도 크게 기여하고 있다.,https://news.naver.com/main/read.nhn?mode=LSD&mid=sec&sid1=102&oid=003&aid=0000522625
93,2007.08.13.,대전 ‘사이언스페스티벌2007’ 15일부터 개최,파이낸셜뉴스,국내 유일의 과학기술 축제인 ‘대전사이언스페스티벌 2007’이 오는 15∼19일 대전엑스포과학공원에서 열린다. ‘상상!사이언스 탐구여행’이란 주제로 열리는 페스티벌에는 대덕연구개발특구 내 정부출연 연구기관이...,http://www.fnnews.com/view?ra=Sent0701m_01A&corp=fnnews&arcid=070813062214&cDateYear=2007&cDateMonth=08&cDateDay=13&
94,2007.08.12.,대전 ‘사이언스페스티벌2007’ 15일부터 개최,파이낸셜뉴스,국내 유일의 과학기술 축제인 ‘대전사이언스페스티벌 2007’이 오는 15∼19일 대전엑스포과학공원에서 열린다. ‘상상!사이언스 탐구여행’이란 주제로 열리는 페스티벌에는 대덕연구개발특구 내 정부출연 연구기관이...,http://www.fnnews.com/view?ra=Sent1201m_01A&corp=fnnews&arcid=0921071965&cDateYear=2007&cDateMonth=08&cDateDay=12&
95,2007.08.18.,"과학 대중화, 사이언스페스티벌!",YTN,올해로 8번째 맞는 대전사이언스페스티벌은 과학의 대중화와 저변확대를 위한 전국 최고의 과학축제로 자리매김하고 있습니다. 이정우 기자가 보도합니다. [리포트] 밖은 섭씨 30도를 웃도는 폭염이 계속되고 있지만 이...,http://www.ytn.co.kr/_ln/0103_200708180256463085
96,2007.10.19.,대전시 '대전관광 전국 사진공모전',연합뉴스,"공모 분야는 ▲사이언스 페스티벌 ▲열기구축제 ▲3천만 그루 나무심기 ▲문화유적 ▲산(山) 등 대전의 주요 축제와 자연경관, 관광명소 등이다. 시는 다음달 말까지 출품작을 심사한 뒤 12월 초 시청...",https://news.naver.com/main/read.nhn?mode=LSD&mid=sec&sid1=102&oid=001&aid=0001790268
97,2007.10.08.,'유성 2007 YES 페스티벌' 성료,뉴시스,"""돼지야 말좀들어다오"" 【대전=뉴시스】 생태와 온천, 과학을 주 테마로 한 유성 '2007 YES 페스티벌'이 많은... 에코사이언스 행사, 전통민속문화 체험행사를 비롯, 7080 가요콘서트, 다이나믹 캠퍼스 페스티벌 등 풍성한...",https://news.naver.com/main/read.nhn?mode=LSD&mid=sec&sid1=102&oid=003&aid=0000591406
98,2007.07.18.,엑스포과학공원 '대전사이언스페스티벌',뉴시스,"【대전=뉴시스】 과학도시 대전의 대표축제인 '대전사이언스페스티벌2007'이 8월15일부터 19일까지 엑스포과학공원 일대에서 개최된다. 엑스포과학공원은 '여름방학, 놓쳐선 안될 우리아이 과학교육 축제'를 슬로건으로...",https://news.naver.com/main/read.nhn?mode=LSD&mid=sec&sid1=102&oid=003&aid=0000494296
99,2007.08.15.,대전사이언스페스티벌 개장,연합뉴스,신기한 정크아트 조형물 국내 유일의 과학기술 테마축제인 '대전사이언스페스티벌 2007'이 15일 오전 9시 대전시 유성구 도룡동 엑스포과학공원에서 개장식을 갖고 손님맞이에 들어갔다. 오는 19일까지 '상상! 사이언스...,https://news.naver.com/main/read.nhn?mode=LSD&mid=sec&sid1=101&oid=001&aid=0001726630
100,2007.10.03.,'유성 YES 페스티벌' 5일 팡파르,뉴시스,"【대전=뉴시스】 '유성 YES 페스티벌'이 5일부터 7일까지 유성문화의 거리와 갑천 둔치에서 화려하게... 시작으로 '에코 사이언스 시티' 유성 선포식과 인순이, 최성수, FT아일랜드 등이 출연하는 청정유성 환경콘서트 등...",https://news.naver.com/main/read.nhn?mode=LSD&mid=sec&sid1=102&oid=003&aid=0000585802
101,2007.08.11.,사이언스페스티벌 15일 개막,대전일보,국내 유일의 과학기술 축제인 ‘대전사이언스페스티벌 2007’이 오는 15-19일 대전시 유성구 도룡동 엑스포과학공원에서 열린다. ‘상상! 사이언스 탐구여행’이란 주제로 열리는 이 페스티벌에는 대덕연구개발특구...,https://news.naver.com/main/read.nhn?mode=LSD&mid=sec&sid1=102&oid=089&aid=0000114382
102,2007.08.10.,"‘직지’, 대전 사이언스-상상-페스티벌서 전시",뉴시스,"충북 청주시는‘직지’의 창조적 가치를 널리 알리기 위해 대전엑스포과학공원에서 열리는‘대전 사이언스-상상-페스티벌 2007’행사장 내에‘직지홍보 특별전 및 체험관’을 운영한다고 10일 밝혔다. ‘상상, 사이언스...",https://news.naver.com/main/read.nhn?mode=LSD&mid=sec&sid1=102&oid=003&aid=0000522698
103,2007.06.21.,대전사이언스페스티벌 8월 개막,MBN,과학기술 축제인 '대전사이언스페스티벌'이 오는 8월 15일부터 19일까지 대전엑스포과학공원에서 열립니다. 이번 축제에는 항공우주탐험전을 비롯해 국제과학문화교류전과 과학연극 등의 행사가 마련될 예정입니다....,http://mbn.mk.co.kr/news/newsRead.php?vodCode=225229&category=mbn00003
104,2007.08.15.,사이언스페스티벌 재미에 더위도 ‘싹’,대전일보,15일 2007 사이언스페스티벌이 열리고 있는 대전 엑스포과학공원을 찾은 어린이들이 남극체험관에서 더위를 식히고 있다.,https://news.naver.com/main/read.nhn?mode=LSD&mid=sec&sid1=102&oid=089&aid=0000114920
105,2007.08.13.,"대전시, 광복절 문화행사 풍성",뉴시스,"엑스포과학공원에서는 15일부터 5일간 '2007 대전사이언스페스티벌'이 펼쳐지며, 만년동 한밭수목원에서는 이달 말까지 무궁화 및 전통식물 전시회를 열어 무궁화 및 우리 꽃 3000여점을 전시한다. 이밖에도 16일까지...",https://news.naver.com/main/read.nhn?mode=LSD&mid=sec&sid1=102&oid=003&aid=0000525458
106,2007.08.07.,"신한은행, 사이언스 페스티벌 후원금 전달",대전일보,신한은행은 7일 대전지역 과학문화 대중화를 위해 ‘대전 사이언스 페스티벌 2007’ 행사 후원금(1000만원) 전달식을 가졌다.,https://news.naver.com/main/read.nhn?mode=LSD&mid=sec&sid1=102&oid=089&aid=0000114051
107,2007.06.19.,대전사이언스페스티벌 8월15일 개최,파이낸셜뉴스,과학기술 축제인 ‘대전사이언스페스티벌 2007’이 ‘우주 여행’이라는 주제로 오는 8월 15일부터 19일까지 대전시 유성구 도룡동 대전엑스포과학공원과 대덕연구개발특구 일원에서 열린다. 대전시가 주최하고 지방공사...,http://www.fnnews.com/view?ra=Sent0801m_01A&corp=fnnews&arcid=00000921029446&cDateYear=2007&cDateMonth=06&cDateDay=19&
108,2007.08.12.,직지심체요절 대전 전시,대전일보,12일 청주시에 따르면 ‘직지’의 창조적 가치를 널리 알리기 위해 15-19일 대전엑스포과학공원에서 열리는 ‘대전 사이언스-상상-페스티벌 2007’ 행사장 내에 ‘직지홍보 특별전 및 체험관’을 운영한다. 대전시가...,https://news.naver.com/main/read.nhn?mode=LSD&mid=sec&sid1=102&oid=089&aid=0000114472
109,2007.08.14.,"[대전]충청체신청, 인터넷중독 무료상담 코너 개설",데일리안,"'대전사이언스페스티벌2007’행사장서 정품 SW사용, 우체국택배 및 쇼핑 홍보 등 다양한 부대행사 마련 [데일리안 장지현 기자]충청체신청(청장 이계순)은 대전엑스포과학공원에서 열리는 ‘대전사이언스페스티벌 2007’...",http://www.dailian.co.kr/news/n_view.html?id=77677
110,2007.08.16.,[대전/충남]100가지 과학 프로그램 즐기세요,동아일보,[동아일보] 국내 최고 과학 전문 축제인 ‘대전 사이언스 페스티벌 2007’ 행사가 시작됐다. 19일까지 대전 엑스포과학공원 일원에서 열리는 축제는 ‘조화와 소통’이라는 주제로 100여 가지 다양한 과학교육 프로그램이...,http://www.donga.com/fbin/output?n=200708160180
111,2007.09.10.,'유성 YES! 페스티벌'로 오세요,노컷뉴스,"9일 유성구에 따르면 다음달 5일부터 7일까지 유성온천거리, 갑천 일원에서 YES 페스티벌을 개최한다. 5일에는 온천문화의 거리에서 자연음악회, 볼거리 퍼포먼스 등 다채로운 거리 문화예술행사와 ‘에코 사이언스...",http://www.cbs.co.kr/Nocut/Show.asp?IDX=613806
112,2007.08.24.,견우직녀와 과학도시 대전,대전일보,"즉 낮에는 사이언스 페스티벌, 밤에는 칠석제 식으로 자연스럽게 역할이 분담됐던 것이다. 이제 칠석제는 대전의 행사로 확실히 자리매김했다. 사실 칠석제는 임자가 없기 때문에 어느 지자체나 주최할 수 있고 실제로...",https://news.naver.com/main/read.nhn?mode=LSD&mid=sec&sid1=102&oid=089&aid=0000115811
113,2007.08.14.,"[대전]21세기 견우 직녀 ""대전으로 모여라",데일리안,"14일 ‘견우직녀 축제’ 개최 [데일리안 이소희 기자] 대전광역시와 대전MBC, 한국천문연구원... ‘2007 사이언스페스티벌’ 또한 견우직녀와 연계하여 개막식을 갖고 행사를 시작한다. 국립중앙과학관에서는 18일과 19일...",http://www.dailian.co.kr/news/n_view.html?id=77681
114,2007.08.02.,‘푸른대전가꾸기’ 적극 동참,대전일보,"하나은행이 ‘발로뛰는’ 푸른대전가꾸기에 적극 동참하고 나섰다. 하나은행 충청사업본부는 2일 동구... 최초로 4억원을 기증했고, 행복도시만들기에 참여해 가사실습실 기증, 사이언스 페스티벌 후원 등을 지원해 왔따.",https://news.naver.com/main/read.nhn?mode=LSD&mid=sec&sid1=102&oid=089&aid=0000113600
115,2007.04.30.,"대전시, 대한민국축제박람회서 대전 홍보나서",뉴시스,"【대전=뉴시스】 대전시는 5월2일부터 부산 전시.컨벤션센터(BEXCO)에서 5일간 일정으로 열리는 대한민국축제박람회에 참가, 사이언스페스티벌 등 시의 다양한 축제를 소개하고 과학관광도시 대전 홍보에 나선다고 30일...",https://news.naver.com/main/read.nhn?mode=LSD&mid=sec&sid1=102&oid=003&aid=0000397959
116,2007.03.27.,"대전시, 한밭문화제 전국축제 승화 시민 토론회 개최",뉴시스,운영하고 사이언스 페스티벌 등 같은 시기에 개최되는 축제 등과 연계해 시너지 효과를 거둬야 한다는 복안이다. '대전양반 얼씨구'를 주제로 지난 1983년 처음 시작한 한밭문화제가 '시민화합형 민속예술축제'로 명맥을...,https://news.naver.com/main/read.nhn?mode=LSD&mid=sec&sid1=102&oid=003&aid=0000357239
117,2007.01.03.,대전지역 축제 통합쪽으로 가나,대전일보,사이언스 페스티벌은 대전시민들의 참여는 비교적 높지만 외래 방문객들의 참여율이 낮아 이를 극복하기 위한 획기적인 기획프로그램이 필요한 것으로 나타났다. 대전국제열기구축제는 올해 4회째를 맞고 있지만...,https://news.naver.com/main/read.nhn?mode=LSD&mid=sec&sid1=102&oid=089&aid=0000091854
118,2007.01.31.,대전서 지역축제 박사 1호 탄생,대전일보,지난 2003년 석사 논문으로 대전 사이언스 페스티벌이 엑스포 과학공원 관광객의 만족도에 미치는 영향을 분석해 관심을 모으기도 했다. 임씨는 석사취득 직후 충남발전연구원에 입사해 현재 연구원으로 활동 중이며 지역...,https://news.naver.com/main/read.nhn?mode=LSD&mid=sec&sid1=102&oid=089&aid=0000094581
119,2007.10.25.,사람ㆍ과학ㆍ문화예술 어울린 ‘H₂O 축제’,대전일보,학생들의 참여를 독려하고 과학 축제인 ‘대전사이언스페스티벌’과 연계하기 위해 7-8월에 개최될 전망이다. 한밭문화제 개선기획위원장 정강환 교수(배재대)는 “대전은 3대하천과 하수종말처리장 등 무한한 물...,https://news.naver.com/main/read.nhn?mode=LSD&mid=sec&sid1=102&oid=089&aid=0000126017
120,2007.03.26.,과학진흥 의견교환 - 대전과학기술위원회 개최,뉴시스,【대전=뉴시스】 대전시는 26일 올들어 처음으로 과학관련 업무의 심의를 위한 과학기술위원회(위원장 대전광역시장)를 열고 사이언스 페스티벌 행사의 발전 방안 등을 모색했다. 이날 회의에서는 'IAC 2009 Daejeon'대회...,https://news.naver.com/main/read.nhn?mode=LSD&mid=sec&sid1=102&oid=003&aid=0000355993
121,2007.08.15.,정보 클릭,대전일보,"충청체신청 인터넷중독 무료상담 충청체신청은 15일 대전엑스포과학에서 개최된 ‘대전사이언스페스티벌 2007’행사장에서 ‘인터넷중독 무료상담 코너’를 개설, 운영했다. 이 코너에는 전문 상담사 4명이 배치돼...",https://news.naver.com/main/read.nhn?mode=LSD&mid=sec&sid1=102&oid=089&aid=0000114930
122,2007.11.03.,<금주의 메모>(11월5일∼10일),연합뉴스,"노벨사이언스체험전(서울과학관) 14:00 정통부장관, 서울 어코드 선언식(롯데호텔) 14:00 건교부장관... 방과후학교 페스티벌 개막식(부산벡스코, 컨벤션홀) 15:00 노동부장관, 여수 세계박람회 유치지원위원회...",https://news.naver.com/main/read.nhn?mode=LSD&mid=sec&sid1=102&oid=001&aid=0001807040
123,2007.08.15.,"""성격유형 검사 좀 해볼까?""",뉴시스,"""성격유형 검사 좀 해볼까?"" 【대전=뉴시스】 충청체신청(청장 이계순)은 대전엑스포과학공원에서 열리는 '대전사이언스페스티벌 2007' 행사장에서 15일 '인터넷중독 무료상담 코너'를 개설, 인터넷 중독 및 예방과...",https://news.naver.com/main/read.nhn?mode=LSD&mid=sec&sid1=102&oid=003&aid=0000528572
124,2007.08.15.,인터넷중독 무료상담 코너 개설 '호응',뉴시스,"""성격유형 검사 좀 해볼까?"" 【대전=뉴시스】 충청체신청은 대전엑스포과학공원에서 열리는 '대전사이언스페스티벌 2007' 행사장에서 15일 '인터넷중독 무료상담 코너'를 개설, 인터넷 중독 및 예방과 관련한 상담과 정품...",https://news.naver.com/main/read.nhn?mode=LSD&mid=sec&sid1=102&oid=003&aid=0000528606
125,2007.10.12.,"北과학도시,WTA 가입시켜야",대전일보,대전시 안팎에서도 “WTA 회장도시인 대전시가 북측 과학도시를 아우를 수 있다면 대전이 남북교류 확대의 주축으로 부상할 수 있을 것”이라며 “대덕특구의 발전 모델을 전파하고 사이언스 페스티벌 등 각종 과학축제...,https://news.naver.com/main/read.nhn?mode=LSD&mid=sec&sid1=102&oid=089&aid=0000120160
126,2007.08.15.,신기한 인쇄체험,연합뉴스,15일 대전시 유성구 도룡동 엑스포과학공원에서 열린 '대전사이언스페스티벌 2007'을 찾은 한 어린이가 인쇄체험을 하고 있다. 사이언스페스티벌은 오는 19일까지 계속된다. sw21@yna.co.kr/2007-08-15 14:22...,https://news.naver.com/main/read.nhn?mode=LSD&mid=sec&sid1=101&oid=001&aid=0001726846
127,2007.08.19.,충남 찜통더위..대천해수욕장 27만 인파,연합뉴스,"지난 15일 대전시 엑스포과학공원에서 막을 올린 '대전사이언스페스티벌 2007'에도 개학을 앞둔 어린이 등 2천여명이 찾아 로켓 만들기 등 다양한 과학체험을 하며 흥미진진한 시간을 보냈고, 천년 고찰 '마곡사' 어귀인...",https://news.naver.com/main/read.nhn?mode=LSD&mid=sec&sid1=103&oid=001&aid=0001730382
128,2007.08.13.,"충청체신청, 인터넷 중독 무료상담 코너 개설",뉴시스,"【대전=뉴시스】 충청체신청(청장 이계순)은 대전엑스포과학공원에서 열리는 '대전사이언스페스티벌 2007' 행사장에서 15일 '인터넷중독 무료상담 코너'를 개설, 인터넷 중독 및 예방과 관련한 상담과 정품 SW사용...",https://news.naver.com/main/read.nhn?mode=LSD&mid=sec&sid1=102&oid=003&aid=0000526205
129,2007.08.15.,"화창한 광복절, 막바지 피서객에 해수욕장 '북적'",뉴시스,"특히 이날 '2007 사이언스페스티벌'이 시작된 대전 엑스포과학공원에는 가족단위 나들이객들의 발길이 끊임없이 이어졌고, 영하의 온도를 느끼며 남극 등의 모습을 살필 수 있는 극지체험관 앞에는 어린이들의 줄이 길게...",https://news.naver.com/main/read.nhn?mode=LSD&mid=sec&sid1=102&oid=003&aid=0000528598
130,2007.08.06.,알찬 여름방학，과학체험 떠나요,파이낸셜뉴스,"■맞춤형 프로프램도 있어요 대전에 가면 ‘대전 사이언스 페스티벌 2007 우주여행’을 만날 수 있다. 오는 15일부터 5일간 대전 엑스포과학공원에서 개최되는 이 행사는 항공우주탐험전, 대덕연구개발특구 특별전...",http://www.fnnews.com/view?ra=Sent0901m_01A&corp=fnnews&arcid=070806082748&cDateYear=2007&cDateMonth=08&cDateDay=06&
131,2007.08.05.,알찬 여름방학，과학체험 떠나요,파이낸셜뉴스,"■맞춤형 프로프램도 있어요 대전에 가면 ‘대전 사이언스 페스티벌 2007 우주여행’을 만날 수 있다. 오는 15일부터 5일간 대전 엑스포과학공원에서 개최되는 이 행사는 항공우주탐험전, 대덕연구개발특구 특별전...",http://www.fnnews.com/view?ra=Sent0901m_01A&corp=fnnews&arcid=0921066636&cDateYear=2007&cDateMonth=08&cDateDay=05&
132,2007.08.19.,거리공연 즐기는 시민들,대전일보,휴일을 맞아 19일 2007 사이언스페스티벌이 열리고 있는 대전엑스포과학공원을 찾은 시민들이 거리공연을 관람하며 즐거운 시간을 보내고 있다.,https://news.naver.com/main/read.nhn?mode=LSD&mid=sec&sid1=102&oid=089&aid=0000115241
133,2007.08.20.,‘직지심체요절’ 서울 간다,대전일보,"앞서 시는 경주 한국의 술과떡 잔치, 청남대 개방 4주년 기념축제, 파주출판단지 어린이 책잔치, 수원 학교도서관대회, 금강민속축제, 대전 사이언스 페스티벌 등 전국단위행사에서 직지 및 한국의 고인쇄문화 순회전시를...",https://news.naver.com/main/read.nhn?mode=LSD&mid=sec&sid1=102&oid=089&aid=0000115306
134,2007.08.15.,"""스타워즈다!""",연합뉴스,15일 대전시 유성구 도룡동 엑스포과학공원에서 열린 '대전사이언스페스티벌 2007'을 찾은 어린이들이 영화 '스타워즈' 캐릭터들을 바라보고 있다. 사이언스페스티벌은 오는 19일까지 계속된다. sw21@yna....,https://news.naver.com/main/read.nhn?mode=LSD&mid=sec&sid1=101&oid=001&aid=0001726848
135,2007.08.15.,"""진짜 외계인 같다!""",연합뉴스,15일 대전시 유성구 도룡동 엑스포과학공원에서 열린 '대전사이언스페스티벌 2007'을 찾은 어린이들이 외계인 옷을 입고 있다. 사이언스페스티벌은 오는 19일까지 계속된다. sw21@yna.co.kr/2007-08-15 14:22...,https://news.naver.com/main/read.nhn?mode=LSD&mid=sec&sid1=101&oid=001&aid=0001726849
136,2007.09.09.,유성축제의 과감한 변신 'YES Festival' 다음달 5~7일 개최,뉴시스,"시작으로 '에코 사이언스 시티' 유성 선포식과 생태·환경에 대한 기원을 담은 주제공연 등 화려한... 또 특설무대에서는 자연사랑 퀴즈쇼, 구민화합 한마당, 7080 가요무대, 비보이 페스티벌, 다이나믹 콘서트 등 환상의...",https://news.naver.com/main/read.nhn?mode=LSD&mid=sec&sid1=102&oid=003&aid=0000557454
137,2007.08.13.,로봇과 함께 떠나는 ‘과학여행’,대전일보,‘대전 사이언스페스티벌 2007’이 15일 대전 엑스포 과학공원에서 개막돼 19일까지 이어진다. 올 행사는 ‘과학과 문화가 어우러지는 과학문화축제로의 여행’이라는 주제로 새로운 체험행사와 과학 꿈나무들의 관심과...,https://news.naver.com/main/read.nhn?mode=LSD&mid=sec&sid1=102&oid=089&aid=0000114670
138,2007.08.17.,`디지털 초상화 신기해요',연합뉴스,`2007 사이언스 페스티벌'이 17일 대전 유성구 엑스포과학공원에서 열리고 있는 가운데 한 어린이가 디지털초상화를 찍고 있다. 디지털 초상화 제작 시스템은 현장에서 직접 찍은 사진을 실시간으로 화가의...,https://news.naver.com/main/read.nhn?mode=LSD&mid=sec&sid1=105&oid=001&aid=0001728983
139,2007.08.15.,신기한 정크아트 조형물,연합뉴스,15일 대전시 유성구 도룡동 엑스포과학공원에서 열린 '대전사이언스페스티벌 2007'을 찾은 어린이들이 폐기계로 만든 정크아트 조형물을 관람하고 있다. sw21@yna.co.kr/2007-08-15 14:21:22/ &lt;&gt;,https://news.naver.com/main/read.nhn?mode=LSD&mid=sec&sid1=101&oid=001&aid=0001726843
140,2007.08.28.,[과학강국을 이끄는 사람들] 한국전자통신연구원 CG기반기술연구팀 구본기 팀...,디지털타임스,최근 대전에서 열린 `사이언스 페스티벌'에서도 관람객들의 인기를 한껏 모았을 정도다. 구 팀장은 `디지털 초상화 기술'에 이어 CG 기술에서 가장 표현하기 어렵다는 액체의 흐름을 사실감 있게 표현하는 CG기술을 개발해...,http://www.dt.co.kr/contents.html?article_no=2007082802011357616001
141,2007.08.16.,[사람과 풍경] 더위야 물렀거라 ‘여름 축제’ 나가신다,한겨레,갑천을 경계로 대전문화예술의전당과 마주하고 있는 엑스포과학공원에서는 국내 유일의 과학테마 축제 ‘대전사이언스페스티벌’이 19일까지 열린다. ‘상상! 사이언스 탐구여행’을 주제로 한 이번 과학축제는...,http://www.hani.co.kr/arti/society/area/229456.html
142,2007.10.05.,오늘의 일정(10월5일.금요일),연합뉴스,노벨사이언스 체험 특별전 개막식(서울과학관) 통 일 부 장관 10:15 정상회담 결과설명-민주신당(국회... 4분기 정례조례(세종문화회관) 19:30 서울드럼페스티벌 개막ㆍ타악아트마켓 개장식(한강) 부 산 시장 10:00...,https://news.naver.com/main/read.nhn?mode=LSD&mid=sec&sid1=102&oid=001&aid=0001774392
143,2007.08.07.,“아인슈타인 같은 과학자가 될래요”,대전일보,오는 15일부터 대전엑스포과학공원에서 열리는 '대전 사이언스 페스티벌'을 앞두고 주 행사장에 세계 유명 과학자들의 흉상을 조각한 대형 작품이 선보여 관람객들의 눈길을 끌고 있다.,https://news.naver.com/main/read.nhn?mode=LSD&mid=sec&sid1=102&oid=089&aid=0000114102
144,2007.07.30.,전국 체험과학 현장 이열치열,전자신문,"이외에 ‘대전 사이언스 페스티벌’이 다음달 15일 엑스포과학공원에서 개막하고, 국립중앙과학관에는 ‘장영실 과학학교’, ‘과학체험캠프’, ‘해외과학캠프’, ‘토요과학학교’ 등 다양한 체험과학 교실이 마련돼...",http://www.etnews.co.kr/news/detail.html?id=200707270065
145,2007.10.06.,<금주의 메모>(10월8∼13일),연합뉴스,"한국뮤지컬페스티벌(19:30, 국립극장 해오름극장 앞 분수광장) ▷케이블TV협회, SMATV 허용철회 촉구... 과기부총리, 사이언스TV 개국 축하리셉션(63빌딩) 18:30 과기부총리, 주중 중국대사 초청 만찬(대사관저)...",https://news.naver.com/main/read.nhn?mode=LSD&mid=sec&sid1=102&oid=001&aid=0001775884
146,2007.08.06.,<전국 주요신문 톱뉴스>(8월6일자 조간),연합뉴스,(대전) = 대전 사이언스페스티벌 '찬밥신세' 시 파행운영에 출연연 참가 외면... ETRI등 2곳 불과 ▲충청투데이(대전) = 쓸려가고 잠기고... 폭우피해 속출 ▲경상일보(울산) = 온산공단 확장 '공영개발'로 조성 ▲울산신문...,https://news.naver.com/main/read.nhn?mode=LSD&mid=sec&sid1=102&oid=001&aid=0001718158
147,2007.08.15.,마술쇼 즐기는 관람객들,뉴시스,마술쇼 즐기는 관람객들 【대전=뉴시스】 '2007 사이언스페스티벌'이 시작된 15일 오후 대전 엑스포과학공원을 찾은 많은 관람객들이 마술쇼를 보며 즐거워하고 있다. /,https://news.naver.com/main/read.nhn?mode=LSD&mid=sec&sid1=102&oid=003&aid=0000528589
148,2007.08.15.,"""너무추워요""",뉴시스,"""너무추워요"" 【대전=뉴시스】 '2007 사이언스페스티벌'이 시작된 15일 오후 대전 엑스포과학공원을 찾은 관람객들이 극지체험관에서 펭귄조형물을 보며 영하의 기온에 몸을 웅크리고 있다. /",https://news.naver.com/main/read.nhn?mode=LSD&mid=sec&sid1=102&oid=003&aid=0000528588
149,2007.08.15.,"""와~ 신기하다""",뉴시스,"""와~ 신기하다"" 【대전=뉴시스】 대전 엑스포과학공원에서 15일부터 시작된 '2007 사이언스페스티벌'의 국제과학교류전에 참가한 폴란드팀이 어린이들에게 흥미로운 실험을 해 보이고 있다. /",https://news.naver.com/main/read.nhn?mode=LSD&mid=sec&sid1=102&oid=003&aid=0000528573
150,2007.08.13.,"2007 견우직녀 축제, 14일 엑스포 남문광장서 개최",뉴시스,【대전=뉴시스】 '2007 견우직녀 축제'가 14일 오후 5시 부터 밤 11시까지 엑스포 남문광장 및 엑스포대교에서... '2007 사이언스페스티벌'도 견우직녀와 연계해 함께 개막식을 갖는다. 이 밖에도 꿈돌이랜드에서는...,https://news.naver.com/main/read.nhn?mode=LSD&mid=sec&sid1=102&oid=003&aid=0000526620
151,2007.07.13.,“과학과 함께 알찬 여름방학 보내세요”,대전일보,또 대전엑스포과학공원은 다음달 15일부터 19일까지 ‘대전사이언스페스티벌 2007 우주여행’을 개최한다. 이밖에도 다음달 10일부터 15일까지 일산 KINEX에서는 20여개의 정부출연 연구소의 최첨단 연구성과와 93개 초·중...,https://news.naver.com/main/read.nhn?mode=LSD&mid=sec&sid1=102&oid=089&aid=0000111558
152,2007.09.29.,<금주의 메모>(10월1일∼7일),연합뉴스,"평양) ▷육군, 지상군페스티벌 행사(~7일.대전) 《경제.과학》 09:00 재경1차관, 재경위 소위(국회) 09:00... 일 과학기술 국장회의 / 노벨 사이언스 체험전 개관식 / 이달의 과학기술자상 10월 수상자 ▷정통부...",https://news.naver.com/main/read.nhn?mode=LSD&mid=sec&sid1=102&oid=001&aid=0001767634
153,2007.09.03.,견우직녀축제와 부사칠석놀이,대전일보,최근 대전시와 한국천문연구원 등이 엑스포과학공원 일원에서 개최한 견우직녀축제가 성공리에 끝마쳤다고 평가받고 있다. 이 행사와 같은 기간 동일한 장소에서 개최한 사이언스 페스티벌과 절묘하게 결합돼 시너지...,https://news.naver.com/main/read.nhn?mode=LSD&mid=sec&sid1=102&oid=089&aid=0000116789
154,2007.08.15.,풍선의 힘 체험하는 어린이들,뉴시스,풍선의 힘 체험하는 어린이들 【대전=뉴시스】 '2007 사이언스페스티벌'이 시작된 15일 오후 대전 엑스포과학공원 국제과학교류전에 참가한 독일팀 부스앞에서 어린이들이 풍선으로 몸무게를 받쳐주는 실험을 하며...,https://news.naver.com/main/read.nhn?mode=LSD&mid=sec&sid1=102&oid=003&aid=0000528571
155,2007.08.12.,이번주 행사,대전일보,(화) ▲사이언스페스티벌 및 견우직녀축제 개막식(저녁 7시30분 엑스포 남문광장) ▲국제교육센터 설계자문위원회(오전 10시 대전 동구청 혁신토론방) ▲노인복지시설 정책자문단 회의(오후 2시 보령 생생꿈마을)...,https://news.naver.com/main/read.nhn?mode=LSD&mid=sec&sid1=102&oid=089&aid=0000114507
156,2007.08.15.,신나는 과학체험,연합뉴스,15일 오후 대전 유성구 도룡동 엑스포과학공원에서 `사이언스 페스티벌 2007'이 열리고 있는 가운데 어린이들이 과학 체험을 하고 있다. kane@yna.co.kr/2007-08-15 16:25:55/ &lt;&gt;,https://news.naver.com/main/read.nhn?mode=LSD&mid=sec&sid1=105&oid=001&aid=0001726995
157,2007.08.14.,탈(脫) 충청권 홀대론,대전일보,다행히 시민사회단체가 한마음이 되어 대전발전을 선도하자는 비선 조직이 출범하면서 비록 유치에는 실패했지만 자기부상열차 시민결의대회를 시작으로 사이언스 페스티벌 기간에 엑스포 과학공원에서 로봇랜드 대전유...,https://news.naver.com/main/read.nhn?mode=LSD&mid=sec&sid1=102&oid=089&aid=0000114753
158,2007.09.15.,<금주의 메모>(9월17∼22일),연합뉴스,"과기부차관, 사이언스 TV 개국식(YTN) 13:30 산자1차관, 지역전략산업정책 콘퍼런스(코엑스) 14:00... 문화》 18:00 문화부차관, 제4회 아시아송페스티벌 행사(상암 월드컵경기장) (서울=연합뉴스) (끝) &lt;&gt;",https://news.naver.com/main/read.nhn?mode=LSD&mid=sec&sid1=102&oid=001&aid=0001756810
159,2007.06.19.,<함평 나비엑스포 홍보전 '활활'>,연합뉴스,"이와 함께 오는 21-23일 중국 베이징 국제여유박람회에서 영상 홍보를 실시하며 7월 충남 보령머드축제, 8월 대전 사이언스페스티벌, 9월 충남 금산세계인삼페스티벌, 강진 청자문화제, 10월 충북 충주세계무술축제...",https://news.naver.com/main/read.nhn?mode=LSD&mid=sec&sid1=103&oid=001&aid=0001670621
160,2007.08.15.,`놀이기구 원리 배워요',연합뉴스,15일 오후 대전 유성구 도룡동 엑스포과학공원에서 `사이언스 페스티벌 2007'이 열리고 있는 가운데 어린이들이 과학 체험을 하고 있다. kane@yna.co.kr/2007-08-15 16:38:49/ &lt;&gt;,https://news.naver.com/main/read.nhn?mode=LSD&mid=sec&sid1=105&oid=001&aid=0001727008
161,2007.08.15.,`팽이가 공중에 떠 있네',연합뉴스,15일 오후 대전 유성구 도룡동 엑스포과학공원에서 `사이언스 페스티벌 2007'이 열리고 있는 가운데 어린이들이 공중에 뜬 자석팽이를 신기한 듯 쳐다보고 있다. kane@yna.co.kr/2007-08-15 16:28:54/ &lt;&gt;,https://news.naver.com/main/read.nhn?mode=LSD&mid=sec&sid1=105&oid=001&aid=0001727000
162,2007.06.12.,[환전] 은행 `해수욕장 이동점포` 운영,매일경제,"하나은행은 다음달 20일부터 8월 10일쯤까지는 충남 대천해수욕장, 8월 15일부터 19일에는 대전 엑스포에서 열리는 사이언스 페스티벌 행사기간 오전 9시 30분~오후 6시 '움직이는 하나은행'을 운영한다. 무궁화 2호...",http://news.mk.co.kr/news_forward.php?no=305584&year=2007
163,2007.07.25.,오늘의 일정(7월25일.수요일),연합뉴스,"센텀 사이언스파크 육성을 위한 업무 협약식(시청) 17:00 신재생에너지 보급 활성화 간담회(시청... 서머 페스티벌 ""영스타 스페셜""(문수호반광장) 경 기 지사 07:30 제9회 경제활성화대책 회의(중기센터) 11:00...",https://news.naver.com/main/read.nhn?mode=LSD&mid=sec&sid1=102&oid=001&aid=0001706569
164,2007.04.12.,[피플]배재대 관광이벤트연구소 정광환 소장,경향신문,"이외에도 경북지역 최우수 축제로 지정된 고령 대가야축제, 광주 충장로 7080축제, 대전 사이언스페스티벌을 기획했다. 또 금산 인삼축제, 진주 남강유등축제, 무주 반딧불이축제 등 굵직한 축제를 컨설팅했다. “성공한...",http://www.khan.co.kr/kh_news/art_view.html?artid=200704120932531&code=900305
165,2007.05.01.,"<축제장마다 ""여수(엑스포)! 여수!"">",연합뉴스,"이어 6월 강릉 단오제(5일), 7월 충남 보령머드축제(14-22일), 8월 대전 사이언스페스티벌(5일), 9월 충남 금산세계인삼페스티벌(7-16일), 전남 강진청자문화제(22-30일), 경북 안동국제탈춤페스티벌(28-10.7), 10월 충북...",https://news.naver.com/main/read.nhn?mode=LSD&mid=sec&sid1=102&oid=001&aid=0001622999
166,2007.05.29.,[과학이야기] '기초과학'의 힘으로 세상을 확 뒤집었다,매일경제,2003년 '대전 사이언스 페스티벌'에서 어린이 관람객을 대상으로 설문조사를 실시했을 때도 전체 응답자 중 절반 이상이 인류에 가장 큰 도움을 준 과학자로 에디슨을 선정했을 정도다. 에디슨이 발명한 것 중 가장 탁월한...,http://news.mk.co.kr/news_forward.php?no=278840&year=2007
167,2007.04.27.,엑스포 공원 담장 없앤다,대전일보,남쪽동선을 따라 조성될 ‘과학거리’는 사이언스페스티벌과 꽃 축제 등 각종 이벤트 공간으로 활용한다.... 계획은 대전시 3000만 그루 나무심기 운동 취지에도 부합하는 것으로 앞으로도 시의 사업에 적극 동참할 것”...,https://news.naver.com/main/read.nhn?mode=LSD&mid=sec&sid1=102&oid=089&aid=0000103797
168,2007.03.05.,한밭문화제 ‘전국적 축제로’,대전일보,대전은 문화관광부에서 선정한 ‘2007년도 문화관광축제’에 사이언스 페스티벌 단 한건만 이름을 올렸으며 그나마 예비축제로 선정돼 행사 지원금은 전혀 받지 못한다.,https://news.naver.com/main/read.nhn?mode=LSD&mid=sec&sid1=102&oid=089&aid=0000097994
169,2007.04.27.,"체험학습, 아이들 연령에 따라 달라야",아이뉴스24,컴퓨터나 정보통신에 관심이 많은 아이들은 여의도의 LG사이언스홀이나 과천에 있는 IT월드... com1577-1386 2007 도농교류페스티벌5.3~6초~고서울2천원한국 농촌 공사www.donong.or.kr031-420-3560 ◇ 전통체험...,http://www.inews24.com/php/news_view.php?g_serial=259567&g_menu=020700
170,2008.11.18.,대전시 경기관광박람회서 최우수 부스상,뉴시스,"또 내년 대전에서 열리는 대전국제우주대회(IAC), 제90회 전국체육대회 등 대규모행사와 대전국제열기구축제, 꿈돌이 사이언스 페스티벌 등 각종 축제, 유성온천, 장태산 휴양림, 대전동물원 등 관광자원을 이미지로...",https://news.naver.com/main/read.nhn?mode=LSD&mid=sec&sid1=102&oid=003&aid=0002384128
171,2008.12.19.,[사이언스 브리핑]출연硏 연구발전協 회장에 안종석 박사 外,동아일보,[동아일보] 출연硏 연구발전協 회장에 안종석 박사 출연연구원 연구발전협의회는 최근 대전... 문의 http://x-mas.kofac.or.kr 내일 ‘테크마니아 페스티벌’ 열려 지식경제부가 주최하고 한국산업기술재단...,http://www.donga.com/fbin/output?n=200812190043
172,2008.11.12.,"대전시, 경기 국제 관광박람회 참가",뉴시스,"또 내년 대전국제우주대회(IAC), 제90회 전국체육대회 등 대규모 행사와 대전국제열기구축제, 꿈돌이 사이언스 페스티벌 등 각종 지역축제 등도 홍보한다. 시는 지역 관광명소 홍보를 위해 관광안내책자와 지도, 홍보용CD...",https://news.naver.com/main/read.nhn?mode=LSD&mid=sec&sid1=102&oid=003&aid=0002373529
173,2008.04.18.,"던전앤파이터 TCG, 대전 강습회 개최",디스이즈게임,"이번 [대전지역 강습회]는 ‘대전 꿈돌이 사이언스 페스티벌’과 함께 진행하는 행사로서, 기존에 개최되었던 타 지역 강습회보다 2배 이상 확대되어 진행되며, ‘&lt;던전앤파이터&gt; TCG 강습회’외에도 다양한...",http://www.thisisgame.com/board/view.php?id=165791&category=101
174,2008.04.24.,대전엑스포과학공원 청산명령에 반발,뉴시스,다녀간 사이언스페스티벌 등의 행사도 명맥이 이어지길 바란다고 말했다. 대전시 등은 행안부에 엑스포과학공원 청산 유예를 요청하면서 시 주도로 추진하고 있는 엑스포과학공원 재창조 프로젝트와 5차례에 걸친 활성화...,https://news.naver.com/main/read.nhn?mode=LSD&mid=sec&sid1=100&oid=003&aid=0002064307
175,2008.03.11.,대전 '꿈돌이사이언스 페스티벌' 4월 개최,연합뉴스,대전엑스포과학공원은 대덕연구개발특구 내 6개 기관과 공동으로 개최하는 '꿈돌이사이언스 페스티벌'을 꿈돌이랜드를 포함한 과학공원 일대에서 4월 19-21일 개최한다고 11일 밝혔다. '꿈돌이의 귀환'을 주제로 한 이번...,https://news.naver.com/main/read.nhn?mode=LSD&mid=sec&sid1=101&oid=001&aid=0001995914
176,2008.04.17.,과학과 문화가 어우러진 '꿈돌이 사이언스 페스티벌',뉴시스,본격적인 사이언스 페스티벌에 돌입한다. 특히 이날 전야제에서는 1993년 대전엑스포의 영광을 대표하는 꿈돌이가 우주여행을 무사히 마치고 지구로 귀환하는 장면이 연출될 예정이다. 19일부터는 과학행사로...,https://news.naver.com/main/read.nhn?mode=LSD&mid=sec&sid1=102&oid=003&aid=0002055384
177,2008.06.10.,"표선청년회의소, 12∼14일 어린이사이언스페스티벌 개최",제주일보,다양한 체험 프로그램을 통해 도내 어린이들의 과학의 꿈을 키워주는 ‘2008 제주어린이 사이언스 페스티벌’이 오는 12일부터 14일까지 열린다. 표선청년회의소가 주최하고 대전엑스포 아이비전이 주관하는 이번 행사는...,https://news.naver.com/main/read.nhn?mode=LSD&mid=sec&sid1=102&oid=084&aid=0000085390
178,2008.01.22.,`대전 사이언스 페스티벌` 4월개최 추진,디지털타임스,대전시가 해마다 8월에 열던 `사이언스 페스티벌'을 올해부터 4월로 옮겨 개최하는 방안을 추진중이다. 21일 대전시 등에 따르면 국내 유일의 과학기술 테마축제인 `사이언스 페스티벌'의 면모를 일신하고 좀더 많은...,http://www.dt.co.kr/contents.html?article_no=2008012202012069697034
179,2008.01.21.,'대전 사이언스 페스티벌' 4월에,연합뉴스,대전시가 해마다 8월에 열던 '사이언스 페스티벌'을 올해부터 4월로 옮겨 개최하는 방안을 추진중이다. 21일 대전시 등에 따르면 국내 유일의 과학기술 테마축제인 '사이언스 페스티벌'의 면모를 일신하고 좀더 많은...,https://news.naver.com/main/read.nhn?mode=LSD&mid=sec&sid1=105&oid=001&aid=0001931639
180,2008.06.05.,대전시 문화예술 인프라 대폭 확충,연합뉴스,"대전시의 문화예술 인프라가 크게 확충된 것으로 나타났다. 5일 대전시에 따르면 2006년 이후 이응노... 봄(사이언스 페스티벌), 여름(H2O 페스티벌), 가을(국제열기구축제) 등 계절별 축제를 열어 특성화하고...",https://news.naver.com/main/read.nhn?mode=LSD&mid=sec&sid1=102&oid=001&aid=0002115178
181,2008.04.19.,<고침> 지방(대전 EXPO과학공원..),연합뉴스,"5시부터 대전 EXPO과학공원에서 귀환 환영행사를 갖는다. 축하 행사는 이날 개막한 사이언스 페스티벌과 연계해 오후 4시30분부터 가족레크리에이션, 댄스 공연 등 식전 행사를 시작으로 시립합창단과 중국 기예단의...",https://news.naver.com/main/read.nhn?mode=LSD&mid=sec&sid1=105&oid=001&aid=0002052137
182,2008.03.13.,과학의달 2008 꿈돌이 사이언스 페스티벌,뉴시스,"일원에서 '꿈돌이사이언스페스티벌'을 개최한다. 과학공원은 이번 행사를 대전시가 종합적으로 추진중인 과학의 날 행사계획과 연계해 과학공원 및 주변 유관기관의 인프라를 최대한 활용, 갑천변 일원을 과학축제벨트로...",https://news.naver.com/main/read.nhn?mode=LSD&mid=sec&sid1=102&oid=003&aid=0002002156
183,2008.04.18.,"대전시, 이소연씨 지구 귀환 환영행사",뉴시스,"【대전=뉴시스】 2009대전국제우주대회조직위원회(공동위원장 박성효, 백홍열)는 한국 최초 우주인... 이번 축하행사는 기존 사이언스 페스티벌과 연계해 시민이 참여하고 어린이와 청소년들에게 흥미로운...",https://news.naver.com/main/read.nhn?mode=LSD&mid=sec&sid1=105&oid=003&aid=0002056445
184,2008.04.18.,대전서 과학의 달 행사 `풍성`,디지털타임스,19일부터 21일까지는 엑스포과학공원과 꿈돌이랜드 등에서는 대전을 대표하는 과학축제인 `꿈돌이 사이언스 페스티벌 2008'이 열리게 된다. 주요 프로그램은 △천문우주과학체험 △CSI 화학수사대 △DNA 모형 조립하기...,http://www.dt.co.kr/contents.html?article_no=2008041802012169697022
185,2008.03.12.,`꿈돌이사이언스 페스티벌` 개최,디지털타임스,대전엑스포과학공원 내달 19∼21일 대전엑스포과학공원은 대덕연구개발특구 내 6개기관과 공동으로 개최하는 `꿈돌이사이언스 페스티벌'을 꿈돌이랜드를 포함한 과학공원 일대에서 4월 19-21일 개최한다고 11일 밝혔다....,http://www.dt.co.kr/contents.html?article_no=2008031202012069697024
186,2008.03.19.,"대전시, 계절별 테마축제 개최",뉴시스,【대전=뉴시스】 대전시는 지난해부터 준비해 온 H2O페스티벌을 8월 15일부터 3일간 개최키로 하고... 시는 또 시민들의 문화욕구 충족과 예술이 흐르는 창조도시로 가꿔가기 위해 봄에는 사이언스페스티벌...,https://news.naver.com/main/read.nhn?mode=LSD&mid=sec&sid1=102&oid=003&aid=0002010699
187,2008.04.21.,대전 EXPO과학공원서 `우주비행 성공 축하행사',연합뉴스,"'2009대전국제우주대회조직위원회(공동위원장 박성효, 백홍렬)' 주관으로 이날 개막한 사이언스 페스티벌과 연계해 열린 이번 행사는 가족레크리에이션, 댄스 공연 등 식전 행사를 시작으로 시립합창단과 중국 기예단의...",https://news.naver.com/main/read.nhn?mode=LSD&mid=sec&sid1=102&oid=001&aid=0002053724
188,2008.03.20.,[지자체소식]대전 지역축제 멀티화,경향신문,"대전시는 계절별 테마에 맞춘 '테마축제'를 연중 개최, 시민과 외부 관광객들에게 제공하기로 했다고 20일 밝혔다. 시가 선정한 계절별 대표 축제는 ▲봄철-'사이언스페스티벌' ▲여름철-'H2O페스티벌' ▲가을철...",http://www.khan.co.kr/kh_news/art_view.html?artid=200803201451042&code=950301
189,2008.03.20.,<대전서 올해 테마축제 `가득'>,연합뉴스,"20일 대전시에 따르면 오는 4월 봄꽃축제와 사이언스페스티벌을 시작으로 8월 H2O 페스티벌, 10월 대전국제열기구축제 등 연중 다양한 테마축제들이 펼쳐져 시민들을 유혹한다. 먼저 4월에는 동구 식장산과...",https://news.naver.com/main/read.nhn?mode=LSD&mid=sec&sid1=102&oid=001&aid=0002008752
190,2008.12.05.,2010 충청 방문의 해 성공하려면…,대전일보,5일 문광부와 대전시 등에 따르면 2008년 문광부 선정 54개 대한민국 대표축제 및 문화관광축제에 대전은 전국에서 유일하게 이름을 올리지 못했다. 2006년과 2007년에 각각 한밭 선비축제와 사이언스 페스티벌이 예산지원이...,http://www.daejonilbo.com/news/newsitem.asp?pk_no=791614
191,2008.10.16.,인천에 91개국 450개 도시가 몰려온다,경향신문,로봇사이언스 미래관에서는 세계로봇 축구대회와 대한민국 로봇대전 등 첨단기술의 집약체인 로봇을... 아트 페스티벌’ 등은 벌써부터 마니아들의 관심을 불러일으키고 있다. 김희영 홍보담당은 “도시를 주제로 한...,http://www.khan.co.kr/kh_news/art_view.html?artid=200810161748545&code=950201
192,2008.09.23.,제13회 용인 시민의날 ‘어울림 한마당’ 축제,데일리안,매직사이언스 공연 등으로 구성된 과학영재 축제는 어린이와 청소년의 과학에 대한 관심을 불러일으키는 등 예년의 사이버페스티벌 보다 교육적 면모를 강화했다. 각종 체험이 가능한 1080가족게임체험관에서는 펌프...,http://www.dailian.co.kr/news/n_view.html?id=126946&sc=naver&kind=menu_code&keys=25
193,2008.08.29.,[언중언]바이오 허브,강원일보,미국의 ‘사이언스’지 역시 싱가포르의 바이오 연구에 극찬을 아끼지 않았다. ▼세계 각국이 이 분야에... 29일부터 춘천바이오페스티벌이 열린다. 도시 전역에 벤처인들이 숲을 이루는 새로운 산업지도를 보고 싶다....,http://www.kwnews.co.kr/view.asp?aid=208082800057&s=301
194,2008.09.20.,<금주의 메모>(9월22일∼27일),연합뉴스,"서비스사이언스 전국포럼 축사(코엑스) 14:00 차관회의(중앙청사) 14:00 보건복지장관... 26일까지) ▷강남패션페스티벌 개막(섬유센터, 압구정ㆍ청담동 일대, 27일까지) ▣ 9월 26일(금) 《정치.외교》 07:30...",https://news.naver.com/main/read.nhn?mode=LSD&mid=sec&sid1=102&oid=001&aid=0002275243
195,2008.08.07.,인천세계도시축전 '흥미진진' 볼거리 풍성,연합뉴스,"로봇사이언스 미래관에서는 세계로봇축구대회와 대한민국로봇대전, 로봇경진대회, 로봇전시관 등... 오페라 페스티벌(문학경기장), '인천 록 페스티벌'(연수구), '중국의 날 문화축제'(중구), '소래포구 축제'(남동구)...",https://news.naver.com/main/read.nhn?mode=LSD&mid=sec&sid1=103&oid=001&aid=0002210915
196,2008.03.31.,4월 ‘과학의달’ 행사 줄이어,파이낸셜뉴스,"대전은 18일부터 나흘간 엑스포 과학공원에서 꿈돌이 사이언스 페스티벌을 개최한다. 이 행사는 별축제, 꿈돌이 우주학교, 자기부상열차 개통 축하 및 무료 탑승 행사 등 다양한 프로그램으로 꾸며졌다.",http://www.fnnews.com/view?ra=Sent0901m_01A&corp=fnnews&arcid=00000921272223&cDateYear=2008&cDateMonth=03&cDateDay=31&
197,2008.06.12.,< 중앙송고기사 LIST >-2,연합뉴스,"&gt; 080611-0637 지방-0184 14:03 과기정보硏, `월드사이언스 연맹' 창립 080611-0640 지방-0185 14:06... 축구페스티벌 080611-0854 지방-0274 16:02 &lt;고침&gt; 지방(제주서도 1천여명 쇠고기반대...) 080611-0855...",https://news.naver.com/main/read.nhn?mode=LSD&mid=sec&sid1=102&oid=001&aid=0002124834
198,2008.03.06.,항우연-공군 '항공우주군 육성' 공동 노력,뉴시스,"【대전=뉴시스】 한국천문연구원(원장 박석재)은 6일 김은기 공군참모총장을 연구원으로 초청해 양 기관... 꿈돌이 사이언스 페스티벌 공군 참가 등을 논의했다. 이 자리서 김 참모총장은 ""공군과 천문연이 추구하고 있는...",https://news.naver.com/main/read.nhn?mode=LSD&mid=sec&sid1=100&oid=003&aid=0001991554
199,2008.04.01.,`우주`와 `지구` 주제과학의 달 행사 풍성,디지털타임스,"이밖에 국립중앙과학관과 서울과학관은 20~26일까지 1주일간 무료 개관하며 부산(19~20일, 공룡뼈 화석찾기 체험, 백악기 공룡탐험 체험 프로그램)과 대전(18~21일, 꿈돌이 사이언스 페스티벌, 자기부상열차 개통 축하 및...",http://www.dt.co.kr/contents.html?article_no=2008040102012069731002
200,2008.04.14.,문화캘린더,대전일보,▲꿈돌이 사이언스 페스티벌=19-21일 대전엑스포과학공원 등. ▲대전 클라리넷 콰이어의 ‘클라리넷 영상여행’=20일 오후 7시 대전문화예술의 전당 아트홀. ▲가족뮤지컬 ‘똥장군 구리구리’=20일 오후 12시·2시...,https://news.naver.com/main/read.nhn?mode=LSD&mid=sec&sid1=102&oid=089&aid=0000142116
201,2008.04.21.,엑스포공원 어떻게 살리라고…,대전일보,"“수익을 낼 수 없는 구조로 만들어 놨는데, 무슨 수로 수익창출을 하겠습니까?” ‘꿈돌이 사이언스페스티벌’ 마지막 날인 21일 대전엑스포과학공원에서 만난 한 관계자는 이렇게 푸념했다. 만성 적자에서 벗어나기...",https://news.naver.com/main/read.nhn?mode=LSD&mid=sec&sid1=102&oid=089&aid=0000142900
202,2008.04.20.,˝우와~ 석고 인간이 움직인다˝,대전일보,'꿈돌이 사이언스 페스티벌 2008'이 20일 대전엑스포 과학공원과 꿈돌이랜드 일원에서 열린 가운데 어린이들이 움직이는 석고 인간을 신기한듯 바라보고 있다.,https://news.naver.com/main/read.nhn?mode=LSD&mid=sec&sid1=102&oid=089&aid=0000142744
203,2008.01.08.,지자체 ‘뭉쳐야 잘 산다’ 협력 붐,경향신문,"대전시 관계자는 “8월에는 대전에서 사이언스페스티벌이 열리는데 같은 시기 영동에서 열리는 포도축제, 연기군에서 열리는 복숭아축제 등을 하나의 관광상품으로 묶어 시장에 내놓는 방안이 논의되고 있다”고 말했다....",http://www.khan.co.kr/kh_news/art_view.html?artid=200801081846331&code=950100
204,2008.03.06.,"[주목, 이사람]'지방 축제 닥터' 정강환 배재대 교수",세계일보,"진주 남강 유등 축제, 강릉 단오제, 무주 반딧불 축제, 대전 사이언스 페스티벌, 강진 청자 축제, 아산 이순신 장군 축제, 추억의 70ㆍ80 충장로 축제 등 우리 귀에 익숙한 많은 축제들이 그의 손길을 거쳤다. ‘축제...",http://www.segye.com/Articles/NEWS/CULTURE/Article.asp?aid=20080305002044&subctg1=&subctg2=
205,2008.04.16.,"천문硏, 2008 대한민국 별 축제 꿈돌이랜드서 개최",대전일보,"한국천문연구원(원장 박석재)은 과학의 달을 맞아 공군, 국립중앙과학관, 대전교육과학연구원, 꿈돌이랜드 등과 공동으로 오는 18일 ‘2008 대한민국 별 축제’를 개최한다. ‘2008 꿈돌이 사이언스 페스티벌’의...",https://news.naver.com/main/read.nhn?mode=LSD&mid=sec&sid1=102&oid=089&aid=0000142386
206,2008.04.10.,"우주 여행, 탐험에 대한 꿈 키워주자",대전일보,"동대초, 5월 8일 서산 종합경기장, 5월 13일 논산 공설운동장 등이다. 대전지역에서는 19일부터 21일까지 국립 중앙과학관과 엑스포 과학공원 일원에서 열리는 2008 대한민국 별 축제(꿈돌이 사이언스 페스티벌)가 예정돼 있다.",https://news.naver.com/main/read.nhn?mode=LSD&mid=sec&sid1=102&oid=089&aid=0000141886
207,2008.04.07.,"“나도 우주인 될거야, 과학 나들이가요~”",경향신문,042-601-7928 대전 엑스포 과학공원 일대에서는 ‘꿈돌이 사이언스 페스티벌’이 열린다. 18일 별축제로 전야제를 시작해서 19일~21일 3일간 ‘전통과학 기술전’ ‘과학수사대’ ‘대덕특구 첨단 과학전’...,http://www.khan.co.kr/kh_news/art_view.html?artid=200804071424355&code=900314
208,2008.04.15.,"대전청, 17일~22일 학생세금문예작품 전시회",조세일보,한편 대전청은 이번 전시회가 '꿈돌이 사이언스 페스티벌(KUMDORI SCIENCE FESTIVAL)'과 함께 개최돼 다양한 과학체험과 문화행사를 접할 수 있을 것이라고 기대했다. 조세일보 /,http://www.joseilbo.com/news/news_read.php?uid=68839&class=33
209,2008.05.03.,"공연-전시-축제 활짝… 얘들아, 어떤 추억을 선물해줄까",동아일보,4일부터 서울광장과 서울시내 5대 고궁에서 열리는 하이서울 페스티벌 봄 축제도 빼놓을 수 없다. 경기... 이 행사는 동아사이언스와 킨텍스(KINTEX) 공동 주최로 5일까지 경기 고양시 킨텍스에서 개최된다. 세계적...,http://www.donga.com/fbin/output?n=200805030109
210,2008.03.31.,"공룡체험, 과학뮤지컬 등..'과학의 달' 4월, 어떤 행사 가볼까?",아시아경제,"대전(4월18일~21일)은 엑스포 과학공원에서 꿈돌이 사이언스 페스티벌을 개최해 별축제, 꿈돌이 우주학교, 자기부상열차 개통 축하 및 무료 탑승 행사 등 다양한 프로그램을 준비하고 있다. 전북(4월25알~27일)은...",http://www.asiae.co.kr/uhtml/read.jsp?idxno=303982§ion=S1N53§ion2=S2N214
211,2008.03.31.,4월 '과학의 달'맞이 다양한 행사 열려,아이뉴스24,"지방자치단체 중에서 부산은 19~20일 공룡뼈 화석찾기 체험을 열 계획이며, 대전은 18~21일 엑스포 과학공원에서 꿈돌이 사이언스 페스티벌을, 전북은 25~27일 과학축전과 벤처기술박람회를 통합 실시할 계획이다. 한편...",http://www.inews24.com/php/news_view.php?g_serial=321355&g_menu=020400
212,2009.10.09.,대전 사이언스페스티벌 개막,연합뉴스,대전 사이언스 페스티벌이 9일 개막했다. 18일까지 엑스포과학공원 등에서 열리는 이번 페스티벌은 대전국제우주대회 우주축제 기간(9-25일)에 맞춰 '우주특별시로 가는 세상 우주여행'이라는 주제로 40여개...,https://news.naver.com/main/read.nhn?mode=LSD&mid=sec&sid1=102&oid=001&aid=0002907180
213,2009.10.08.,<대전국제우주대회> 무엇이 볼만할까②(끝),연합뉴스,"대전에서 열리는 국제우주대회의 가장 큰 특징은 전문가들을 위한 학술대회가 아닌 일반인들이 보고... 청소년우주올림피아드, 꿈돌이 사이언스페스티벌, 청소년모형항공기대회, 열기구 축제, 우주체험극 '돌아온...",https://news.naver.com/main/read.nhn?mode=LSD&mid=sec&sid1=140&oid=001&aid=0002905490
214,2009.10.09.,‘우주축제’ 대전서 화려한 개막,아시아경제,"한편 대전시는 항공우주과학에 대한 관심을 높이기 위해 오는 18일까지 대전 엑스포과학공원 정문 일원에서 ‘사이언스페스티벌’도 연다. 사이언스페스티벌에선 푸쉬업 카, 스탠드바이크 등 여러 체험들을 통해 과학적...",http://www.asiae.co.kr/news/view.htm?idxno=2009100910291038844
215,2009.10.18.,꿈돌이 사이언스페스티벌 26만명 다녀갔다,경향신문,"- 학생·단체, 가족단위 방문객 몰리며 하루평균 관람객 2만6000여명 ‘대박’ - 47개 우주·항공과학프로그램, 거리공연 등 13개 문화체험행사 재미 2배 대전 엑스포과학공원에서 마련된 ‘꿈돌이 사이언스 페스티벌’이...",http://www.khan.co.kr/kh_news/art_view.html?artid=200910181649541&code=950301
216,2009.11.12.,"푸드사이언스, 숙취해소음료 '모닝파워' 해외시장 개척",조세일보,"(주)푸드사이언스는 숙취해소, 고지혈증 및 간기능 개선에 효과를 보이는 복어 천연추출물을 활용한 모닝파워 제품으로 2008년 대한민국발명특허대전에서 특허청장상을 받았으며, 2009특허유통페스티벌에서는...",http://www.joseilbo.com/news/news_read.php?uid=94638&class=17
217,2009.10.13.,[대전/충남]게시판,동아일보,"042-533-4283 □꿈돌이 사이언스 페스티벌=18일까지 우주체험놀이터, 항공우주 공예품 만들기, 로켓발사 체험 등 엑스포과학공원. 042-866-5114 ▼모집▼ 〈대전〉□제7회 뿌리백일장=16일까지 온라인(www.djcc....",http://www.donga.com/fbin/output?n=200910130200
218,2009.09.14.,[경제+]2009 강원 경제인 페스티벌 경제 전문가 초청 특강,강원일보,[경제+] 2009 강원 경제인 페스티벌 경제 전문가 초청 특강 ◇2009강원경제인 페스티벌 개회식이 10일 오후... 강릉은 사이언스파크를 통해 해양생물과 신소재를 부가가치 산업의 핵심으로 정했다. 이들 산업을 위해 총 7...,http://www.kwnews.co.kr/view.asp?aid=209091300089&s=401
219,2009.04.02.,“우리도 우주인 되어보자!”꿈돌이사이언스페스티벌 10일 개막,쿠키뉴스,[쿠키 사회] 청소년들에게 우주에 대한 꿈과 희망을 심어주기 위한 ‘꿈돌이사이언스페스티벌’이 대전엑스포과학공원 일대에서 10∼12일 열린다. ‘우리도 우주인이 되어보자!’라는 주제로 엑스포과학공원과...,http://www.kukinews.com/news2/article/view.asp?page=1&gCode=soc&arcid=0921243420&cp=nv
220,2009.07.01.,대전국제우주대회(IAC) D-100일,연합뉴스,"위해 '우주특별시, 대전'을 주제로 다채로운 우주축제가 준비됐다. 세계우주인 초청행사와 우주과학 아카데미, 우주인 미니강연 등과 함께 로봇월드, 신기전 발사시연, 사이언스페스티벌 등 교육과 체험을 겸한 여러...",https://news.naver.com/main/read.nhn?mode=LSD&mid=sec&sid1=102&oid=001&aid=0002742502
221,2009.04.01.,대전 꿈돌이사이언스페스티벌 10일 개막,연합뉴스,청소년들에게 우주에 대한 꿈과 희망을 심어주기 위한 '꿈돌이사이언스페스티벌'이 대전엑스포과학공원 일대에서 10일부터 12일까지 열린다. '우리도 우주인이 되어보자!'라는 주제의 이번 체험행사는 엑스포과학공원과...,https://news.naver.com/main/read.nhn?mode=LSD&mid=sec&sid1=101&oid=001&aid=0002584663
222,2009.07.02.,‘별들의 축제’ 기대감에 부푼 대전,세계일보,"발사시연, 사이언스페스티벌 등 4개 분야 50여개의 다양한 체험교육 프로그램이 진행된다. 성공적인 대회를 치르기 위한 준비도 차질 없이 진행된다. 대전시는 2000명에 달할 것으로 보이는 외국인 참가자를 위해 호텔...",http://www.segye.com/Articles/NEWS/WHOLECOUNTRY/Article.asp?aid=20090702003612&subctg1=01&subctg2=
223,2009.04.09.,대전 · 시애틀간 문화협력 강화 약속,대전시티저널,이 자리에서 로버트 넬람스 센터 소장은 “시애틀 국제어린이 페스티벌에 대전 문화예술단체 참가 및... 박시장은 매년 1200만명이 방문하는 시애틀 센터를 대전 국립중앙과학관과 시애틀 퍼시픽 사이언스 센터간...,http://www.gocj.net/news/17634
224,2009.04.11.,12일까지 대전서 '꿈돌이 사이언스',뉴시스,"꿈돌이 사이언스 페스티벌'이 오는12일까지 3일간 K-Zone 일원에서 연합과학체험축제 한마당을 펼친다. 대전교육과학연구원(원장 이항기)은 지난 10일 ‘꿈돌이 Science Festival’을 시작으로 개막식, 주제탐구경연마당...",https://news.naver.com/main/read.nhn?mode=LSD&mid=sec&sid1=102&oid=003&aid=0002619380
225,2009.04.14.,재미·교육·감동의 축제 ‘사이언스 페스티벌’,경향신문,"바로 대전 유성구 도룡동 엑스포과학공원(www.expopark.co.kr)의 ‘사이언스 페스티벌’을 두고 하는 말이다. 지난 10일부터 12일까지 3일간 열린 이 행사에는 짧은 기간에도 불구하고 학생, 학부모 등 8만여명의 관람객이 몰려...",http://www.khan.co.kr/kh_news/art_view.html?artid=200904142230591&code=950301
226,2009.02.16.,"대전시, 관광박람회서 홍보활동 편다",아시아경제,"또 대전에 있는 엑스포과학공원, 국립중앙과학관, 항공우주연구원 등 과학도시 대전의 관광자원을 살린 ▲사이언스페스티벌 ▲대전국제열기구축제 ▲H2O축제 등도 집중 홍보할 예정이다. 앞으로도 대전시는 KTX를...",http://www.asiae.co.kr/uhtml/read.jsp?idxno=2009021610594408924
227,2009.04.04.,대전 꿈돌이랜드에 'UFO' 떴다,연합뉴스,(대전=연합뉴스) 오는 10-12일 열리는 '꿈돌이사이언스페스티벌'을 앞두고 4일 대전 엑스포과학공원 내 꿈돌이랜드에 UFO 조형물이 공개돼 놀이공원을 찾은 어린이들의 눈길을 끌고 있다. 2009.4.4...,https://news.naver.com/main/read.nhn?mode=LSD&mid=sec&sid1=102&oid=001&aid=0002589994
228,2009.09.08.,인천도시축전 사진촬영대회 12일 개최,파이낸셜뉴스,"로봇 사이언스 미래관, 테디와 아름별이의 세계여행, 세계 도시관 등으로 구성되며, 페스티벌은... 페스티벌’ 뿐만 아니라 월별 상설공연, 주말빅쇼, 오픈스테이지, 제6회 대한민국로봇대전, 2009세계 비보이...",http://www.fnnews.com/view?ra=Sent1201m_01A&corp=fnnews&arcid=00000921759565&cDateYear=2009&cDateMonth=09&cDateDay=08&
229,2009.08.07.,"[주말 엔터]떠나자, 80일간의 미래도시 대장정!",강원일보,"디지털아트 페스티벌 등 다양한 행사가 줄을 잇는다. 정명훈과 아시아필하모닉 오케스트라의 웅장한... 로봇 사이언스 미래관에서는 세계로봇축구대회가 열리고, 세계 최초로 로봇으로 드라마를 꾸며 공연하게...",http://www.kwnews.co.kr/view.asp?aid=209080600075&s=601
230,2009.08.05.,인천세계도시축전-'80일간의 미래도시 이야기' 개막,머니투데이,"로봇사이언스미래관, 하이테크플라자, 미추홀 분수, 디지털아트페스티벌 전시관, 꽃전시장 등 전시설을... 로봇 대전과 로봇 축구대회 등 아이들이 상상력을 펼 수 있는 다양한 이벤트가 진행된다. 전 세계의 다양한...",http://www.moneytoday.co.kr/view/mtview.php?type=1&no=2009080516384355476&outlink=1
231,2009.07.08.,<인천도시축전 D-30>①미리보는 미래도시,연합뉴스,"주행사장에는 주제영상관, 로봇사이언스미래관, 하이테크플라자, 녹색성장관, 테디베어관, 세계 문화의... 이밖에 인천세계합창페스티벌이 8월26~29일 개최되고, 세계 비보이들이 왕중왕을 가리는 'R-16코리아 스파클링...",https://news.naver.com/main/read.nhn?mode=LSD&mid=sec&sid1=102&oid=001&aid=0002752661
232,2009.08.25.,오늘의 일정(8월25일.화요일),연합뉴스,게임 페스티벌 조직위 출범식 (성남 코리아디자인센터) 18:00 DMZ포럼 위원 간담회(공관) 충 북 지사 14:00... 구미디지털사이언스센터 기공식(전자정보기술원) 제 주 지사 주민 소환투표 발의로 직무 정지 ※이...,https://news.naver.com/main/read.nhn?mode=LSD&mid=sec&sid1=102&oid=001&aid=0002829694
233,2009.08.18.,"미래도시의 모든 것, 인천세계도시축전",정책브리핑,어린이들에게 재미와 상상력을 안겨준 ‘로봇사이언스관’의 모습. 이곳에서 열린 로봇대전에는 300여 개... 세계여행 ▲인천국제디지털아트페스티벌 등의 전시도 접할 수 있었다. 먼저 1만9712㎡ 규모의 ‘세계 문화의...,http://reporter.korea.kr/reporterWeb/getNewsReporter.do?newsDataId=148674656§ionId=pe_sec_1&call_from=extlink
234,2009.03.30.,4월은 `과학의 달`… 가족과 과학나들이 하세요,매일경제,"이와 함께 대전에서는 '2009 꿈돌이 사이언스' 페스티벌이 진행되는데, 여기서는 한국 최초 우주인 이소연 박사가 받았던 우주인 양성 훈련 체험은 물론 SF영화도 볼 수 있다. 자세한 내용은 홈페이지(family.scienceall.com)를...",http://news.mk.co.kr/news_forward.php?no=195978&year=2009
235,2009.08.07.,[2009 세계도시축전]노비자로 떠나는 ‘8시간의 세계일주’,경향신문,"로봇사이언스 미래관에서는 다양한 로봇을 만날 수 있다. 로봇이 춤을 추고 노래 부르는 등 흥겨운 잔치마당이 열리고, 로봇축구대회와 로봇대전을 통해 박진감 넘치는 경기를 펼친다. 특히 18일부터 20일까지 열리는...",http://www.khan.co.kr/kh_news/art_view.html?artid=200908070400065&code=920100
236,2009.04.08.,한국 최초 우주인 배출 1주년 성과 및 향후계획,정책브리핑,"또한 과학의 달 행사의 일환인 지방과학축전 중 꿈돌이사이언스페스티벌(4.10, 대전 엑스포), 전북과학축전(4.17, 전북 도청), 우주식물 전시회(4.24, 안면도) 등에 참석하여 과학 대중화를 수행할 계획이다. 더불어...",http://korea.kr/newsWeb/pages/brief/partNews2/view.do?dataId=155343072&call_from=extlink
237,2009.04.07.,"이소연씨, 우주 다녀온 지 ‘벌써 1년’",전자신문,"한편, 이소연씨는 4월 과학의 달을 맞아 △국립과천과학관의 우주인 배출 1주년 특별기획전(14·21·23일) △대전 꿈돌이사이언스페스티벌(10일) △전북과학축전(17일) △충남 안면도 우주식물전시회(24일) 등에 참석할...",http://www.etnews.co.kr/news/detail.html?id=200904070129
238,2009.08.07.,[인천도시축전]상상력 키울 행사 ‘100배 즐기기’,아시아경제,▲로봇사이언스 미래관 로봇대전 로봇들이 춤을 추고 노래를 부른다. 로봇축구대회와 로봇대전이... ▲인천국제디지털아트페스티벌 세계 12개국 50여 명의 국내외 작가들이 ‘VISTAS;Vision of U-city(대화하고 소통하며...,http://www.asiae.co.kr/news/view.htm?idxno=2009080715301301058
239,2009.08.07.,"로봇대전·민속공연·멀티미디어쇼… ""꿈과 환상의 세계로""",세계일보,‘로봇사이언스 미래관’은 어린이들로부터 인기몰이를 하고 있다. 국내 최대 스크린에 특수영상 기술을... 페스티벌 u-Tourpia월미도와 개항장 일대 u-Guide주행사장 미래도시 건설을 위한 세계 신기술 대전송도컨벤시...,http://www.segye.com/Articles/NEWS/WHOLECOUNTRY/Article.asp?aid=20090807002938&subctg1=01&subctg2=
240,2009.07.01.,"[상품장터] 모닝파워, 복어 천연추출물로 숙취 싹~",매일경제,"이에 푸드사이언스(대표 박진현)는 복어를 주성분으로 하는 숙취 해소제 '모닝파워'를 개발해 판매하고... 대한민국발명특허대전에서 특허청장상을 수상한 제품""이라며 ""올해는 특허유통페스티벌...",http://news.mk.co.kr/news_forward.php?no=361850&year=2009
241,2009.08.04.,'상상속 U시티' 송도서 만나보세요,서울경제,"주제영상관, 로봇사이언스미래관, 하이테크플라자, 녹색성장관, 테디베어관, 세계 문화의 거리... 이밖에 인천세계합창페스티벌(26~29일), 세계 비보이들이 왕중왕을 가리는 'R-16코리아 스파클링 인천 2009(9월25~27일)'도...",https://news.naver.com/main/read.nhn?mode=LSD&mid=sec&sid1=102&oid=011&aid=0002019339
242,2009.08.10.,인천세계도시축전 '대박 예감',아주경제,"주행사장에서는 세계도시관, 녹색성장관, 주제영상관, 테디베어관, 인천국제디지털아트페스티벌 전시관... 지난 7일부터 9일까지 로봇사이언스미래관에서 열린 제 6회 대한민국 로봇대전은 미숙한 대회운영으로 학부모...",http://www.ajnews.co.kr/uhtml/read.jsp?idxno=200908101122296470532
243,2009.07.08.,'80일 간의 미래도시 순례' 카운트다운,아시아경제,"로봇축구대회와 로봇대전이 어린이들의 상상력을 돋운다. 로봇사이언스미래관에서 열리는 로봇축구대회... 국내외 디지털아트 작품의 전시 뿐만 아니라, 다양한 이벤트가 함께 펼쳐지는 종합 페스티벌로 준비되고...",http://www.asiae.co.kr/uhtml/read.jsp?idxno=2009070723501816918
244,2009.04.09.,국제우주대회 홍보 천재소년 송유근과 함께,대전시티저널,IAC 홍보위원에 위촉된 송유근 군 2009대전국제우주대회 조직위원회(이하 우주대회 조직위)는 천재소년... 조직위원회에 따르면 오는 11일 꿈돌이 사이언스 페스티벌 공식축하행사가 개최되는 꿈돌이랜드 왕의무대에서...,http://www.gocj.net/news/17628
245,2009.03.31.,`4월 과학의 달` 행사 다채,디지털타임스,"대전에서는 올해 국제우주대회 개최를 기념해, 항공우주과학을 주제로 한 `꿈돌이 사이언스 페스티벌'을 개최한다. 우주에 관심이 많은 가족들이 가볼 만하다. 이소연 박사가 받았던 우주인 양성훈련 체험을 하는...",http://www.dt.co.kr/contents.html?article_no=2009033102011557650002
246,2009.04.10.,주말 ‘과학 나들이’ 떠나보세요,파이낸셜뉴스,"먼저 대전 꿈돌이 존(K-Zone)에 가면 우주에 관한 재미있는 행사를 만날 수 있다. 10∼12일 이곳에서 열리는 ‘2009 꿈돌이 사이언스 페스티벌’에서 ‘감필라고’ 행성과 우주동맹 체결, 과학영재 송유근군과 그룹 프랜즈가...",http://www.fnnews.com/view?ra=Sent0701m_01A&corp=fnnews&arcid=090409222742&cDateYear=2009&cDateMonth=04&cDateDay=10&
247,2009.04.09.,주말 ‘과학 나들이’ 떠나보세요,파이낸셜뉴스,"먼저 대전 꿈돌이 존(K-Zone)에 가면 우주에 관한 재미있는 행사를 만날 수 있다. 10∼12일 이곳에서 열리는 ‘2009 꿈돌이 사이언스 페스티벌’에서 ‘감필라고’ 행성과 우주동맹 체결, 과학영재 송유근군과 그룹 프랜즈가...",http://www.fnnews.com/view?ra=Sent0901m_01A&corp=fnnews&arcid=0921620877&cDateYear=2009&cDateMonth=04&cDateDay=09&
248,2009.04.07.,‘과학의 달’ 체험 행사 풍성,한겨레,"과학창의재단이 25~26일 국립과천과학관에서 ‘가족 과학축전’을 열며, 전북 전주에선 ‘전북 과학축전’(17~19일)이, 대전에선 항공우주과학을 주제로 ‘꿈돌이 사이언스 페스티벌’(10~12일)이 열린다....",http://www.hani.co.kr/arti/science/science_general/348463.html
249,2009.03.05.,상상속 멀고 먼 `우주` 우리들 곁으로 `성큼`,디지털타임스,"'대전 국제우주대회' 10월 12∼16일 열려 일반시민도 함께 즐기는 '우주 페스티벌' ■ ‘스페이스 코리아’... 또 우주평화음악회, 우주불꽃축제, 사이언스 매직쇼 등의 야외행사와 우주인 훈련코스, 우주생활 체험관, UFO...",http://www.dt.co.kr/contents.html?article_no=2009030502011857650002
250,2009.04.07.,"4월, 과학의 달 둘째주 행사 속속들이 알아보자!",정책브리핑,"* 한국전기연구원 홍보협력실 : 055-280-1074 □ 다음으로, 4월 10일부터 12일까지, 3일간 2009 대전국제우주대회 개최(‘09.10월 예정)을 기념하여 항공우주과학을 주제로 한 꿈돌이 사이언스 페스티벌이 꿈돌이 존(K-Zone)...",http://korea.kr/newsWeb/pages/brief/partNews2/view.do?dataId=155343023&call_from=extlink
251,2009.06.30.,[신상품 히트박스] 복어 추출물 함유 숙취해소에 탁월,서울경제,푸드사이언스는 포항공대와 함께 복어추출물 성분을 공동 연구했으며 숙취해소 뿐 아니라 고지형증과 간기능 개선에 대한 특허를 획득하기도 했다. 지난 2008년과 지난해에 걸쳐 발명특허대전과 특허유통페스티벌에서...,https://news.naver.com/main/read.nhn?mode=LSD&mid=sec&sid1=101&oid=011&aid=0002014097
252,2009.03.30.,"""봄맞이 과학 나들이 가세요""",아이뉴스24,"대전 국제우주대회 개최를 기념, 대전 꿈돌이 존에서 열리는 꿈돌이 사이언스 페스티벌도 주목해볼 만 하다. 항공우주과학을 주제로 우주인 양성 훈련체험, SF영화 상영 등을 준비했다. 이 밖에 제42회 과학의 날...",http://www.inews24.com/php/news_view.php?g_serial=404006&g_menu=020400
253,2009.03.31.,우주인 양성과정 체험해 보세요!…'과학의 달' 맞아 550여개 행사,한국경제,10~12일에는 엑스포과학공원 등의 꿈돌이 존에서 2009 대전국제우주대회 개최를 기념하기 위해 항공우주과학을 주제로 한 '2009 꿈돌이 사이언스 페스티벌'이 개최된다. 한국 최초의 우주인인 이소연 박사가 받았던...,http://www.hankyung.com/news/app/newsview.php?aid=2009033178701
254,2009.04.07.,한국 첫 우주인 탄생 1주년,아이뉴스24,"또 올해 10월 열리는 대전 국제우주대회(IAC) 홍보를 위해 2008년 영국 IAC 대회와 미국에서 열린 2009 한국 IAC... 꿈돌이사이언스페스티벌, 전북과학축전, 우주식물 전시회 등에도 참석할 예정이다. 또 우주실험 아이템...",http://www.inews24.com/php/news_view.php?g_serial=406069&g_menu=020400
255,2009.03.30.,4월 '과학의 달' 맞아 전국서 다채로운 행사,아주경제,대전 꿈돌이 존에서는 '2009 대전국제우주대회' 개최를 기념하기 위해 항공우주과학을 주제로 한 ‘2009 꿈돌이 사이언스’ 페스티벌이 개최된다. 이 행사에서는 이소연 박사가 받았던 우주인 양성 훈련을 체험하는...,http://www.ajnews.co.kr/uhtml/read.jsp?idxno=200903301517170100503
256,2009.03.25.,[과기 단신] '해양 통한 녹색성장 심포' 外,서울경제,이 행사는 과학의 달인 4월 꿈돌이 사이언스 존(엑스포 과학공원 일대)에서 열리는 ‘꿈돌이 사이언스 페스티벌’의 세부행사 중 하나로 천문연은 대전 국제우주대회(IAC)와 세계 천문의 해를 기념하기 위해 관람객들이...,https://news.naver.com/main/read.nhn?mode=LSD&mid=sec&sid1=105&oid=011&aid=0001998695
257,2009.04.01.,봄맞이 '과학 나들이' 어때요,서울경제,10~12일 대전 꿈돌이 존에서는 대전국제우주대회 개최를 기념하기 위해 항공우주과학을 주제로 한 ‘2009 꿈돌이 사이언스’ 페스티벌이 개막된다. 한국 최초의 우주인인 이소연 박사가 받았던 우주인 양성 훈련을...,https://news.naver.com/main/read.nhn?mode=LSD&mid=sec&sid1=105&oid=011&aid=0001999972
258,2009.10.01.,TV편성표-10월1일,매일신문,원더풀 사이언스 10 00 (HD)생로병사의 비밀 / 50 (HD)느티나무 40 (HD)극한직업 11 00 (HD)뉴스라인 / 30... 코리안 페스티벌 00 특집 쇼킹스타 신인시절 대방출 40 전국톱10 가요쇼(재) 20 (HD)EBS 스페이스 공감...,http://www.imaeil.com/sub_news/sub_news_view.php?news_id=43043&yy=2009
259,2009.09.16.,TV편성표-9월16일,매일신문,키즈 사이언스 00 세상발견 유레카 베스트 00 야무야무 참참(재) / 10 (HD)방귀대장 뿡뿡이(재) / 25... Job 페스티벌 10 다큐10+ 12 15 (HD)뉴스 / 25 (HD)스포츠 스포츠 / 35 KBS 네트워크 특선 15 생방송 시사 360...,http://www.imaeil.com/sub_news/sub_news_view.php?news_id=40690&yy=2009
260,2009.02.18.,도시를 주제로 하는 인천세계도시축전,전자신문,"&lt;트리보이&gt;는 그 해 영국 브래포드 애니메이션 페스티벌에서 최고상인 그랑프리를 수상했다. &lt;시티 파라디소... 도시축전이 열리는 동안 로봇사이언스 미래관에서는 대한민국로봇대전, 세계로봇축구대회, 인천로봇랜드...",http://www.ebuzz.co.kr/content/buzz_view.html?ps_ccid=77758
